MAHALLE;MAHALLE_ID;KONTEYNER_ID;TUR;KAPASITE_LITRE;DOLULIK_SEVIYESI;DURUM
100. YIL;1;1;YERALTI;1100;100.0;active
100. YIL;1;2;YERALTI;1100;51.91;active
100. YIL;1;3;YERALTI;1100;19.26;active
100. YIL;1;4;YERALTI;1100;12.8;active
100. YIL;1;5;YERALTI;1100;35.65;active
100. YIL;1;6;YERALTI;1100;37.11;active
100. YIL;1;7;YERALTI;1100;28.86;active
100. YIL;1;8;YERALTI;1100;54.95;active
100. YIL;1;9;YERALTI;1100;28.07;active
100. YIL;1;10;YERALTI;1100;13.41;active
100. YIL;1;11;YERALTI;1100;26.12;active
100. YIL;1;12;YERALTI;1100;41.5;active
100. YIL;1;13;770L;770;13.74;active
100. YIL;1;14;770L;770;34.94;active
100. YIL;1;15;770L;770;30.53;active
100. YIL;1;16;400L;400;15.6;active
100. YIL;1;17;400L;400;37.89;active
100. YIL;1;18;400L;400;34.4;active
100. YIL;1;19;400L;400;29.29;active
100. YIL;1;20;400L;400;10.08;active
100. YIL;1;21;400L;400;26.08;active
100. YIL;1;22;400L;400;15.52;active
100. YIL;1;23;400L;400;64.96;active
100. YIL;1;24;400L;400;30.63;active
100. YIL;1;25;400L;400;24.27;active
100. YIL;1;26;400L;400;91.59;active
100. YIL;1;27;400L;400;81.36;active
19 MAYIS;2;28;400L;400;16.4;active
19 MAYIS;2;29;400L;400;34.22;active
19 MAYIS;2;30;400L;400;25.19;active
19 MAYIS;2;31;400L;400;10.82;active
19 MAYIS;2;32;400L;400;63.63;active
19 MAYIS;2;33;400L;400;31.63;active
19 MAYIS;2;34;400L;400;12.73;active
19 MAYIS;2;35;400L;400;31.02;active
19 MAYIS;2;36;400L;400;14.26;active
19 MAYIS;2;37;400L;400;53.12;active
19 MAYIS;2;38;400L;400;24.38;active
19 MAYIS;2;39;400L;400;23.03;active
19 MAYIS;2;40;400L;400;62.46;active
19 MAYIS;2;41;400L;400;14.85;active
19 MAYIS;2;42;400L;400;68.8;active
19 MAYIS;2;43;400L;400;23.58;active
19 MAYIS;2;44;400L;400;16.07;active
19 MAYIS;2;45;400L;400;34.15;active
19 MAYIS;2;46;400L;400;56.48;active
19 MAYIS;2;47;400L;400;24.73;active
19 MAYIS;2;48;400L;400;35.54;active
19 MAYIS;2;49;400L;400;22.09;active
19 MAYIS;2;50;400L;400;12.77;active
19 MAYIS;2;51;400L;400;34.99;active
19 MAYIS;2;52;400L;400;32.22;active
19 MAYIS;2;53;400L;400;10.49;active
19 MAYIS;2;54;400L;400;57.29;active
19 MAYIS;2;55;400L;400;17.16;active
19 MAYIS;2;56;400L;400;48.19;active
19 MAYIS;2;57;400L;400;34.05;active
19 MAYIS;2;58;400L;400;16.15;active
19 MAYIS;2;59;400L;400;12.22;active
19 MAYIS;2;60;400L;400;78.58;active
19 MAYIS;2;61;400L;400;17.59;active
19 MAYIS;2;62;400L;400;41.96;active
19 MAYIS;2;63;400L;400;17.67;active
19 MAYIS;2;64;400L;400;36.14;active
19 MAYIS;2;65;400L;400;49.74;active
19 MAYIS;2;66;400L;400;47.37;active
19 MAYIS;2;67;400L;400;30.48;active
19 MAYIS;2;68;400L;400;20.06;active
19 MAYIS;2;69;400L;400;26.17;active
19 MAYIS;2;70;400L;400;52.83;active
19 MAYIS;2;71;400L;400;32.06;active
19 MAYIS;2;72;400L;400;24.95;active
19 MAYIS;2;73;PLASTİK;60;51.03;active
19 MAYIS;2;74;PLASTİK;60;56.84;active
19 MAYIS;2;75;PLASTİK;60;72.22;active
19 MAYIS;2;76;PLASTİK;60;28.06;active
19 MAYIS;2;77;PLASTİK;60;20.78;active
19 MAYIS;2;78;PLASTİK;60;30.55;active
19 MAYIS;2;79;PLASTİK;60;18.28;active
19 MAYIS;2;80;PLASTİK;60;16.82;active
19 MAYIS;2;81;PLASTİK;60;56.51;active
19 MAYIS;2;82;PLASTİK;60;53.28;active
19 MAYIS;2;83;PLASTİK;60;27.86;active
19 MAYIS;2;84;PLASTİK;60;15.24;active
19 MAYIS;2;85;PLASTİK;60;34.86;active
19 MAYIS;2;86;PLASTİK;60;14.68;active
19 MAYIS;2;87;PLASTİK;60;80.77;active
19 MAYIS;2;88;PLASTİK;60;20.67;active
19 MAYIS;2;89;PLASTİK;60;62.15;active
19 MAYIS;2;90;PLASTİK;60;88.35;active
19 MAYIS;2;91;PLASTİK;60;24.85;active
19 MAYIS;2;92;PLASTİK;60;26.29;active
19 MAYIS;2;93;PLASTİK;60;64.17;active
19 MAYIS;2;94;PLASTİK;60;13.77;active
19 MAYIS;2;95;PLASTİK;60;41.92;active
19 MAYIS;2;96;PLASTİK;60;56.72;active
19 MAYIS;2;97;PLASTİK;60;14.6;active
19 MAYIS;2;98;PLASTİK;60;92.3;active
19 MAYIS;2;99;PLASTİK;60;15.04;active
19 MAYIS;2;100;PLASTİK;60;34.03;active
23 NİSAN;3;101;YERALTI;1100;30.37;active
23 NİSAN;3;102;YERALTI;1100;42.98;active
23 NİSAN;3;103;YERALTI;1100;64.91;active
23 NİSAN;3;104;YERALTI;1100;33.8;active
23 NİSAN;3;105;YERALTI;1100;61.47;active
23 NİSAN;3;106;YERALTI;1100;55.15;active
23 NİSAN;3;107;YERALTI;1100;17.16;active
23 NİSAN;3;108;YERALTI;1100;22.31;active
23 NİSAN;3;109;YERALTI;1100;15.2;active
23 NİSAN;3;110;400L;400;50.95;active
23 NİSAN;3;111;400L;400;16.92;active
23 NİSAN;3;112;400L;400;30.79;active
23 NİSAN;3;113;400L;400;34.82;active
23 NİSAN;3;114;400L;400;22.24;active
23 NİSAN;3;115;400L;400;72.14;active
23 NİSAN;3;116;400L;400;47.89;active
23 NİSAN;3;117;400L;400;17.88;active
23 NİSAN;3;118;400L;400;21.49;active
23 NİSAN;3;119;400L;400;36.41;active
23 NİSAN;3;120;400L;400;79.33;active
23 NİSAN;3;121;400L;400;36.7;active
23 NİSAN;3;122;400L;400;31.97;active
23 NİSAN;3;123;400L;400;22.8;active
23 NİSAN;3;124;400L;400;18.95;active
23 NİSAN;3;125;400L;400;85.22;active
23 NİSAN;3;126;400L;400;18.5;active
23 NİSAN;3;127;400L;400;14.06;active
23 NİSAN;3;128;400L;400;63.75;active
23 NİSAN;3;129;400L;400;22.1;active
23 NİSAN;3;130;400L;400;71.05;active
23 NİSAN;3;131;400L;400;39.89;active
23 NİSAN;3;132;400L;400;14.01;active
23 NİSAN;3;133;400L;400;83.42;active
23 NİSAN;3;134;400L;400;26.09;active
23 NİSAN;3;135;400L;400;23.26;active
23 NİSAN;3;136;400L;400;29.73;active
23 NİSAN;3;137;400L;400;20.65;active
23 NİSAN;3;138;400L;400;34.85;active
23 NİSAN;3;139;400L;400;11.86;active
23 NİSAN;3;140;400L;400;18.79;active
23 NİSAN;3;141;400L;400;56.14;active
23 NİSAN;3;142;400L;400;82.25;active
23 NİSAN;3;143;400L;400;10.76;active
23 NİSAN;3;144;400L;400;23.82;active
23 NİSAN;3;145;400L;400;46.21;active
23 NİSAN;3;146;400L;400;46.41;active
23 NİSAN;3;147;400L;400;12.68;active
23 NİSAN;3;148;400L;400;32.22;active
23 NİSAN;3;149;400L;400;31.56;active
23 NİSAN;3;150;400L;400;80.28;active
23 NİSAN;3;151;400L;400;14.66;active
23 NİSAN;3;152;400L;400;36.01;active
23 NİSAN;3;153;400L;400;31.01;active
23 NİSAN;3;154;400L;400;14.54;active
23 NİSAN;3;155;400L;400;19.34;active
23 NİSAN;3;156;400L;400;10.66;active
23 NİSAN;3;157;400L;400;55.88;active
23 NİSAN;3;158;PLASTİK;60;48.44;active
29 EKİM;4;159;YERALTI;1100;44.32;active
29 EKİM;4;160;YERALTI;1100;34.39;active
29 EKİM;4;161;YERALTI;1100;42.55;active
29 EKİM;4;162;YERALTI;1100;25.85;active
29 EKİM;4;163;YERALTI;1100;10.53;active
29 EKİM;4;164;YERALTI;1100;31.49;active
29 EKİM;4;165;YERALTI;1100;26.88;active
29 EKİM;4;166;YERALTI;1100;13.37;active
29 EKİM;4;167;YERALTI;1100;21.97;active
29 EKİM;4;168;770L;770;53.19;active
29 EKİM;4;169;770L;770;24.25;active
29 EKİM;4;170;770L;770;59.03;active
29 EKİM;4;171;770L;770;18.18;active
29 EKİM;4;172;770L;770;80.4;active
29 EKİM;4;173;400L;400;54.27;active
29 EKİM;4;174;400L;400;11.37;active
29 EKİM;4;175;400L;400;55.62;active
29 EKİM;4;176;400L;400;35.72;active
29 EKİM;4;177;400L;400;51.86;active
29 EKİM;4;178;400L;400;73.04;active
29 EKİM;4;179;400L;400;51.84;active
29 EKİM;4;180;400L;400;34.85;active
29 EKİM;4;181;400L;400;19.24;active
29 EKİM;4;182;400L;400;19.89;active
29 EKİM;4;183;400L;400;40.41;active
29 EKİM;4;184;400L;400;24.6;active
29 EKİM;4;185;400L;400;19.91;active
29 EKİM;4;186;400L;400;13.44;active
29 EKİM;4;187;400L;400;91.41;active
29 EKİM;4;188;400L;400;19.9;active
29 EKİM;4;189;400L;400;76.51;active
29 EKİM;4;190;400L;400;56.26;active
29 EKİM;4;191;400L;400;48.06;active
29 EKİM;4;192;400L;400;21.19;active
29 EKİM;4;193;400L;400;49.44;active
29 EKİM;4;194;400L;400;54.72;active
29 EKİM;4;195;400L;400;15.27;active
29 EKİM;4;196;400L;400;25.81;active
29 EKİM;4;197;400L;400;33.29;active
29 EKİM;4;198;400L;400;21.2;active
29 EKİM;4;199;400L;400;89.84;active
29 EKİM;4;200;400L;400;21.39;active
29 EKİM;4;201;400L;400;53.35;active
29 EKİM;4;202;400L;400;36.26;active
29 EKİM;4;203;400L;400;11.15;active
29 EKİM;4;204;400L;400;17.4;active
29 EKİM;4;205;400L;400;16.55;active
29 EKİM;4;206;400L;400;34.64;active
29 EKİM;4;207;400L;400;31.03;active
29 EKİM;4;208;400L;400;53.62;active
29 EKİM;4;209;400L;400;47.88;active
29 EKİM;4;210;400L;400;21.66;active
29 EKİM;4;211;400L;400;35.72;active
29 EKİM;4;212;400L;400;42.14;active
29 EKİM;4;213;400L;400;88.82;active
29 EKİM;4;214;400L;400;58.64;active
29 EKİM;4;215;400L;400;19.01;active
29 EKİM;4;216;400L;400;14.36;active
29 EKİM;4;217;400L;400;30.55;active
29 EKİM;4;218;400L;400;84.59;active
29 EKİM;4;219;400L;400;11.93;active
29 EKİM;4;220;400L;400;23.36;active
29 EKİM;4;221;400L;400;54.33;active
29 EKİM;4;222;400L;400;12.73;active
29 EKİM;4;223;400L;400;29.39;active
29 EKİM;4;224;400L;400;29.45;active
29 EKİM;4;225;400L;400;18.27;active
29 EKİM;4;226;400L;400;22.59;active
29 EKİM;4;227;400L;400;11.56;active
29 EKİM;4;228;400L;400;18.11;active
29 EKİM;4;229;400L;400;37.11;active
29 EKİM;4;230;400L;400;11.21;active
29 EKİM;4;231;PLASTİK;60;39.57;active
30 AĞUSTOS ZAFER;5;232;YERALTI;1100;15.14;active
30 AĞUSTOS ZAFER;5;233;400L;400;53.91;active
30 AĞUSTOS ZAFER;5;234;400L;400;56.16;active
30 AĞUSTOS ZAFER;5;235;400L;400;43.34;active
30 AĞUSTOS ZAFER;5;236;400L;400;29.9;active
30 AĞUSTOS ZAFER;5;237;400L;400;44.75;active
30 AĞUSTOS ZAFER;5;238;400L;400;12.81;active
30 AĞUSTOS ZAFER;5;239;400L;400;11.62;active
30 AĞUSTOS ZAFER;5;240;400L;400;85.99;active
30 AĞUSTOS ZAFER;5;241;400L;400;24.77;active
30 AĞUSTOS ZAFER;5;242;400L;400;53.71;active
30 AĞUSTOS ZAFER;5;243;400L;400;30.64;active
30 AĞUSTOS ZAFER;5;244;400L;400;18.83;active
30 AĞUSTOS ZAFER;5;245;400L;400;29.99;active
30 AĞUSTOS ZAFER;5;246;400L;400;13.07;active
30 AĞUSTOS ZAFER;5;247;400L;400;24.92;active
30 AĞUSTOS ZAFER;5;248;400L;400;62.7;active
30 AĞUSTOS ZAFER;5;249;400L;400;28.69;active
30 AĞUSTOS ZAFER;5;250;400L;400;35.39;active
30 AĞUSTOS ZAFER;5;251;400L;400;16.22;active
30 AĞUSTOS ZAFER;5;252;400L;400;59.61;active
30 AĞUSTOS ZAFER;5;253;400L;400;86.88;active
30 AĞUSTOS ZAFER;5;254;400L;400;67.67;active
30 AĞUSTOS ZAFER;5;255;400L;400;33.54;active
30 AĞUSTOS ZAFER;5;256;400L;400;19.7;active
30 AĞUSTOS ZAFER;5;257;400L;400;11.95;active
30 AĞUSTOS ZAFER;5;258;400L;400;17.61;active
30 AĞUSTOS ZAFER;5;259;400L;400;34.15;active
30 AĞUSTOS ZAFER;5;260;400L;400;57.88;active
30 AĞUSTOS ZAFER;5;261;400L;400;45.88;active
30 AĞUSTOS ZAFER;5;262;400L;400;20.97;active
30 AĞUSTOS ZAFER;5;263;400L;400;12.55;active
30 AĞUSTOS ZAFER;5;264;400L;400;93.97;active
30 AĞUSTOS ZAFER;5;265;400L;400;36.05;active
30 AĞUSTOS ZAFER;5;266;400L;400;56.91;active
30 AĞUSTOS ZAFER;5;267;400L;400;18.22;active
30 AĞUSTOS ZAFER;5;268;400L;400;62.21;active
30 AĞUSTOS ZAFER;5;269;PLASTİK;60;27.62;active
AHMET YESEVİ;6;270;400L;400;34.73;active
AHMET YESEVİ;6;271;400L;400;72.14;active
AHMET YESEVİ;6;272;400L;400;77.9;active
AHMET YESEVİ;6;273;400L;400;63.65;active
AHMET YESEVİ;6;274;400L;400;63.94;active
AHMET YESEVİ;6;275;400L;400;62.23;active
AHMET YESEVİ;6;276;400L;400;38.12;active
AHMET YESEVİ;6;277;400L;400;89.3;active
AHMET YESEVİ;6;278;400L;400;47.31;active
AHMET YESEVİ;6;279;400L;400;38.94;active
AHMET YESEVİ;6;280;400L;400;33.32;active
AHMET YESEVİ;6;281;400L;400;53.27;active
AHMET YESEVİ;6;282;400L;400;31.93;active
AHMET YESEVİ;6;283;PLASTİK;60;43.99;active
AHMET YESEVİ;6;284;PLASTİK;60;23.87;active
AHMET YESEVİ;6;285;PLASTİK;60;17.58;active
AHMET YESEVİ;6;286;PLASTİK;60;30.43;active
AHMET YESEVİ;6;287;PLASTİK;60;29.5;active
AHMET YESEVİ;6;288;PLASTİK;60;14.15;active
AHMET YESEVİ;6;289;PLASTİK;60;68.82;active
AHMET YESEVİ;6;290;PLASTİK;60;59.72;active
AHMET YESEVİ;6;291;PLASTİK;60;56.77;active
AHMET YESEVİ;6;292;PLASTİK;60;17.46;active
AHMET YESEVİ;6;293;PLASTİK;60;10.06;active
AHMET YESEVİ;6;294;PLASTİK;60;53.55;active
AHMET YESEVİ;6;295;PLASTİK;60;45.01;active
AHMET YESEVİ;6;296;PLASTİK;60;55.2;active
AHMET YESEVİ;6;297;PLASTİK;60;10.41;active
AHMET YESEVİ;6;298;PLASTİK;60;16.24;active
AHMET YESEVİ;6;299;PLASTİK;60;31.92;active
AHMET YESEVİ;6;300;PLASTİK;60;90.99;active
AHMET YESEVİ;6;301;PLASTİK;60;25.93;active
AHMET YESEVİ;6;302;PLASTİK;60;16.57;active
AHMET YESEVİ;6;303;PLASTİK;60;26.75;active
AHMET YESEVİ;6;304;PLASTİK;60;54.3;active
AHMET YESEVİ;6;305;PLASTİK;60;11.37;active
AKÇALAR;7;306;770L;770;23.81;active
AKÇALAR;7;307;400L;400;48.66;active
AKÇALAR;7;308;400L;400;20.92;active
AKÇALAR;7;309;400L;400;32.23;active
AKÇALAR;7;310;400L;400;50.8;active
AKÇALAR;7;311;400L;400;33.93;active
AKÇALAR;7;312;400L;400;21.94;active
AKÇALAR;7;313;400L;400;57.44;active
AKÇALAR;7;314;400L;400;28.01;active
AKÇALAR;7;315;400L;400;29.83;active
AKÇALAR;7;316;400L;400;92.74;active
AKÇALAR;7;317;400L;400;23.68;active
AKÇALAR;7;318;400L;400;10.09;active
AKÇALAR;7;319;400L;400;24.46;active
AKÇALAR;7;320;400L;400;45.96;active
AKÇALAR;7;321;400L;400;37.7;active
AKÇALAR;7;322;400L;400;34.45;active
AKÇALAR;7;323;400L;400;29.03;active
AKÇALAR;7;324;400L;400;32.47;active
AKÇALAR;7;325;400L;400;23.52;active
AKÇALAR;7;326;400L;400;23.82;active
AKÇALAR;7;327;400L;400;64.16;active
AKÇALAR;7;328;400L;400;34.35;active
AKÇALAR;7;329;400L;400;29.08;active
AKÇALAR;7;330;400L;400;37.32;active
AKÇALAR;7;331;400L;400;34.58;active
AKÇALAR;7;332;400L;400;16.32;active
AKÇALAR;7;333;400L;400;51.06;active
AKÇALAR;7;334;400L;400;29.95;active
AKÇALAR;7;335;400L;400;49.02;active
AKÇALAR;7;336;400L;400;13.68;active
AKÇALAR;7;337;400L;400;52.54;active
AKÇALAR;7;338;400L;400;29.07;active
AKÇALAR;7;339;400L;400;23.14;active
AKÇALAR;7;340;400L;400;22.11;active
AKÇALAR;7;341;400L;400;28.62;active
AKÇALAR;7;342;400L;400;16.89;active
AKÇALAR;7;343;400L;400;83.65;active
AKÇALAR;7;344;400L;400;52.03;active
AKÇALAR;7;345;400L;400;39.3;active
AKÇALAR;7;346;400L;400;37.9;active
AKÇALAR;7;347;400L;400;20.43;active
AKÇALAR;7;348;400L;400;30.01;active
AKÇALAR;7;349;400L;400;41.28;active
AKÇALAR;7;350;400L;400;52.75;active
AKÇALAR;7;351;400L;400;50.25;active
AKÇALAR;7;352;400L;400;59.28;active
AKÇALAR;7;353;400L;400;74.62;active
AKÇALAR;7;354;400L;400;13.67;active
AKÇALAR;7;355;400L;400;48.92;active
AKÇALAR;7;356;400L;400;46.55;active
AKÇALAR;7;357;PLASTİK;60;91.18;active
AKÇALAR;7;358;PLASTİK;60;29.82;active
AKÇALAR;7;359;PLASTİK;60;21.93;active
ALAADDİNBEY;8;360;400L;400;10.5;active
ALAADDİNBEY;8;361;400L;400;69.71;active
ALAADDİNBEY;8;362;400L;400;31.61;active
ALAADDİNBEY;8;363;400L;400;38.96;active
ALAADDİNBEY;8;364;400L;400;86.14;active
ALAADDİNBEY;8;365;400L;400;25.21;active
ALAADDİNBEY;8;366;400L;400;59.12;active
ALAADDİNBEY;8;367;400L;400;28.61;active
ALAADDİNBEY;8;368;400L;400;34.79;active
ALAADDİNBEY;8;369;400L;400;18.94;active
ALAADDİNBEY;8;370;400L;400;46.76;active
ALAADDİNBEY;8;371;400L;400;27.16;active
ALAADDİNBEY;8;372;400L;400;12.73;active
ALAADDİNBEY;8;373;400L;400;34.3;active
ALAADDİNBEY;8;374;400L;400;57.87;active
ALAADDİNBEY;8;375;400L;400;23.19;active
ALAADDİNBEY;8;376;400L;400;56.14;active
ALAADDİNBEY;8;377;400L;400;15.72;active
ALAADDİNBEY;8;378;400L;400;73.12;active
ALAADDİNBEY;8;379;400L;400;17.18;active
ALAADDİNBEY;8;380;400L;400;23.97;active
ALAADDİNBEY;8;381;400L;400;83.42;active
ALAADDİNBEY;8;382;400L;400;14.62;active
ALAADDİNBEY;8;383;400L;400;34.46;active
ALAADDİNBEY;8;384;400L;400;73.08;active
ALAADDİNBEY;8;385;400L;400;32.29;active
ALAADDİNBEY;8;386;PLASTİK;60;29.97;active
ALAADDİNBEY;8;387;PLASTİK;60;34.1;active
ALAADDİNBEY;8;388;PLASTİK;60;14.03;active
ALAADDİNBEY;8;389;PLASTİK;60;42.97;active
ALAADDİNBEY;8;390;PLASTİK;60;34.57;active
ALAADDİNBEY;8;391;PLASTİK;60;76.07;active
ALAADDİNBEY;8;392;PLASTİK;60;16.58;active
ALAADDİNBEY;8;393;PLASTİK;60;20.15;active
ALAADDİNBEY;8;394;PLASTİK;60;61.27;active
ALAADDİNBEY;8;395;PLASTİK;60;33.7;active
ALAADDİNBEY;8;396;PLASTİK;60;17.89;active
ALAADDİNBEY;8;397;PLASTİK;60;77.05;active
ALTINŞEHİR;9;398;YERALTI;1100;38.4;active
ALTINŞEHİR;9;399;YERALTI;1100;10.09;active
ALTINŞEHİR;9;400;YERALTI;1100;71.69;active
ALTINŞEHİR;9;401;YERALTI;1100;91.5;active
ALTINŞEHİR;9;402;YERALTI;1100;29.69;active
ALTINŞEHİR;9;403;YERALTI;1100;14.09;active
ALTINŞEHİR;9;404;YERALTI;1100;45.23;active
ALTINŞEHİR;9;405;YERALTI;1100;36.52;active
ALTINŞEHİR;9;406;YERALTI;1100;16.86;active
ALTINŞEHİR;9;407;YERALTI;1100;31.98;active
ALTINŞEHİR;9;408;YERALTI;1100;82.13;active
ALTINŞEHİR;9;409;YERALTI;1100;32.66;active
ALTINŞEHİR;9;410;400L;400;81.27;active
ALTINŞEHİR;9;411;400L;400;23.34;active
ALTINŞEHİR;9;412;400L;400;71.67;active
ALTINŞEHİR;9;413;400L;400;38.37;active
ALTINŞEHİR;9;414;400L;400;39.3;active
ALTINŞEHİR;9;415;400L;400;27.89;active
ALTINŞEHİR;9;416;400L;400;36.87;active
ALTINŞEHİR;9;417;400L;400;33.22;active
ALTINŞEHİR;9;418;400L;400;75.19;active
ALTINŞEHİR;9;419;400L;400;81.57;active
ALTINŞEHİR;9;420;400L;400;10.31;active
ALTINŞEHİR;9;421;400L;400;66.19;active
ALTINŞEHİR;9;422;400L;400;34.99;active
ALTINŞEHİR;9;423;400L;400;10.85;active
ALTINŞEHİR;9;424;400L;400;14.59;active
ALTINŞEHİR;9;425;400L;400;28.31;active
ALTINŞEHİR;9;426;400L;400;55.99;active
ALTINŞEHİR;9;427;400L;400;18.79;active
ALTINŞEHİR;9;428;400L;400;44.46;active
ALTINŞEHİR;9;429;400L;400;56.71;active
ALTINŞEHİR;9;430;400L;400;50.83;active
ALTINŞEHİR;9;431;400L;400;47.64;active
ALTINŞEHİR;9;432;400L;400;33.87;active
ALTINŞEHİR;9;433;400L;400;18.36;active
ALTINŞEHİR;9;434;400L;400;31.5;active
ALTINŞEHİR;9;435;400L;400;12.32;active
ALTINŞEHİR;9;436;400L;400;74.91;active
ALTINŞEHİR;9;437;400L;400;28.52;active
ATAEVLER;10;438;YERALTI;1100;35.45;active
ATAEVLER;10;439;YERALTI;1100;28.16;active
ATAEVLER;10;440;YERALTI;1100;70.45;active
ATAEVLER;10;441;770L;770;19.34;active
ATAEVLER;10;442;770L;770;26.22;active
ATAEVLER;10;443;770L;770;54.9;active
ATAEVLER;10;444;770L;770;48.9;active
ATAEVLER;10;445;770L;770;18.75;active
ATAEVLER;10;446;400L;400;22.13;active
ATAEVLER;10;447;400L;400;13.28;active
ATAEVLER;10;448;400L;400;48.33;active
ATAEVLER;10;449;400L;400;16.45;active
ATAEVLER;10;450;400L;400;25.86;active
ATAEVLER;10;451;400L;400;11.33;active
ATAEVLER;10;452;400L;400;30.46;active
ATAEVLER;10;453;400L;400;23.04;active
ATAEVLER;10;454;400L;400;32.96;active
ATAEVLER;10;455;400L;400;12.5;active
ATAEVLER;10;456;400L;400;32.47;active
ATAEVLER;10;457;400L;400;53.28;active
ATAEVLER;10;458;400L;400;24.92;active
ATAEVLER;10;459;400L;400;18.57;active
ATAEVLER;10;460;400L;400;81.37;active
ATAEVLER;10;461;400L;400;64.1;active
ATAEVLER;10;462;400L;400;24.98;active
ATAEVLER;10;463;400L;400;19.98;active
ATAEVLER;10;464;400L;400;44.88;active
ATAEVLER;10;465;400L;400;31.35;active
ATAEVLER;10;466;400L;400;27.74;active
ATAEVLER;10;467;400L;400;40.42;active
ATAEVLER;10;468;400L;400;62.72;active
ATAEVLER;10;469;400L;400;32.7;active
ATAEVLER;10;470;400L;400;16.47;active
ATAEVLER;10;471;400L;400;27.93;active
ATAEVLER;10;472;400L;400;19.26;active
ATAEVLER;10;473;400L;400;28.76;active
ATAEVLER;10;474;400L;400;32.64;active
ATAEVLER;10;475;400L;400;92.54;active
ATAEVLER;10;476;400L;400;19.69;active
ATAEVLER;10;477;400L;400;50.36;active
ATAEVLER;10;478;400L;400;29.89;active
ATAEVLER;10;479;400L;400;25.21;active
ATAEVLER;10;480;400L;400;23.64;active
ATAEVLER;10;481;400L;400;62.77;active
ATAEVLER;10;482;400L;400;63.0;active
ATAEVLER;10;483;400L;400;18.78;active
ATAEVLER;10;484;400L;400;17.4;active
ATAEVLER;10;485;400L;400;31.77;active
ATAEVLER;10;486;400L;400;10.37;active
ATAEVLER;10;487;400L;400;15.81;active
ATAEVLER;10;488;400L;400;88.67;active
ATAEVLER;10;489;400L;400;31.23;active
ATAEVLER;10;490;400L;400;18.32;active
ATAEVLER;10;491;400L;400;19.75;active
ATAEVLER;10;492;400L;400;62.87;active
ATAEVLER;10;493;400L;400;27.26;active
ATAEVLER;10;494;400L;400;13.25;active
ATAEVLER;10;495;400L;400;12.92;active
ATAEVLER;10;496;400L;400;31.44;active
ATAEVLER;10;497;400L;400;17.22;active
ATAEVLER;10;498;400L;400;25.73;active
ATAEVLER;10;499;400L;400;61.52;active
ATAEVLER;10;500;400L;400;24.3;active
ATAEVLER;10;501;400L;400;11.89;active
ATAEVLER;10;502;400L;400;57.08;active
ATAEVLER;10;503;400L;400;34.31;active
ATAEVLER;10;504;400L;400;26.0;active
ATAEVLER;10;505;400L;400;26.26;active
ATAEVLER;10;506;400L;400;13.43;active
ATAEVLER;10;507;400L;400;40.48;active
ATAEVLER;10;508;400L;400;39.18;active
ATAEVLER;10;509;400L;400;33.93;active
ATAEVLER;10;510;400L;400;61.55;active
ATAEVLER;10;511;400L;400;32.83;active
ATAEVLER;10;512;400L;400;13.62;active
ATAEVLER;10;513;400L;400;11.45;active
ATAEVLER;10;514;400L;400;32.77;active
ATAEVLER;10;515;400L;400;21.01;active
ATAEVLER;10;516;400L;400;39.44;active
ATAEVLER;10;517;400L;400;63.52;active
ATAEVLER;10;518;400L;400;19.27;active
ATAEVLER;10;519;400L;400;75.59;active
ATAEVLER;10;520;400L;400;36.38;active
ATAEVLER;10;521;400L;400;27.1;active
ATAEVLER;10;522;400L;400;36.18;active
ATAEVLER;10;523;400L;400;82.41;active
ATAEVLER;10;524;400L;400;61.75;active
ATAEVLER;10;525;400L;400;74.59;active
ATAEVLER;10;526;400L;400;31.19;active
ATAEVLER;10;527;PLASTİK;60;25.99;active
ATLAS;11;528;400L;400;34.92;active
ATLAS;11;529;400L;400;33.1;active
ATLAS;11;530;400L;400;29.28;active
ATLAS;11;531;400L;400;79.9;active
ATLAS;11;532;400L;400;59.67;active
ATLAS;11;533;400L;400;23.06;active
ATLAS;11;534;400L;400;37.73;active
ATLAS;11;535;400L;400;48.1;active
ATLAS;11;536;400L;400;21.62;active
ATLAS;11;537;400L;400;26.6;active
AYVA;12;538;400L;400;19.59;active
BADIRGA;13;539;400L;400;86.64;active
BADIRGA;13;540;400L;400;20.97;active
BADIRGA;13;541;400L;400;55.22;active
BADIRGA;13;542;400L;400;20.05;active
BADIRGA;13;543;400L;400;13.44;active
BADIRGA;13;544;400L;400;18.0;active
BADIRGA;13;545;400L;400;26.2;active
BALAT;14;546;YERALTI;1100;42.78;active
BALAT;14;547;YERALTI;1100;23.74;active
BALAT;14;548;YERALTI;1100;35.45;active
BALAT;14;549;YERALTI;1100;21.11;active
BALAT;14;550;YERALTI;1100;82.54;active
BALAT;14;551;YERALTI;1100;79.93;active
BALAT;14;552;YERALTI;1100;12.93;active
BALAT;14;553;770L;770;36.68;active
BALAT;14;554;770L;770;55.72;active
BALAT;14;555;400L;400;32.54;active
BALAT;14;556;400L;400;27.79;active
BALAT;14;557;400L;400;33.67;active
BALAT;14;558;400L;400;26.16;active
BALAT;14;559;400L;400;77.06;active
BALAT;14;560;400L;400;25.69;active
BALAT;14;561;400L;400;30.15;active
BALAT;14;562;400L;400;45.96;active
BALAT;14;563;400L;400;64.59;active
BALAT;14;564;400L;400;52.24;active
BALAT;14;565;400L;400;19.12;active
BALAT;14;566;400L;400;22.07;active
BALAT;14;567;400L;400;33.12;active
BALAT;14;568;400L;400;53.01;active
BALAT;14;569;400L;400;40.73;active
BALAT;14;570;400L;400;45.07;active
BALAT;14;571;400L;400;43.66;active
BALAT;14;572;400L;400;47.03;active
BALAT;14;573;400L;400;56.46;active
BALAT;14;574;400L;400;26.6;active
BALAT;14;575;400L;400;14.53;active
BALAT;14;576;400L;400;44.73;active
BALAT;14;577;400L;400;26.42;active
BALAT;14;578;400L;400;24.43;active
BALAT;14;579;400L;400;19.34;active
BALAT;14;580;400L;400;28.17;active
BALAT;14;581;400L;400;19.9;active
BALAT;14;582;400L;400;16.9;active
BALAT;14;583;400L;400;34.25;active
BALAT;14;584;400L;400;12.34;active
BALAT;14;585;400L;400;48.11;active
BALAT;14;586;400L;400;14.22;active
BALAT;14;587;400L;400;16.67;active
BALAT;14;588;400L;400;89.72;active
BALAT;14;589;400L;400;52.16;active
BALAT;14;590;400L;400;22.86;active
BALAT;14;591;400L;400;62.01;active
BALAT;14;592;400L;400;47.82;active
BALAT;14;593;400L;400;47.17;active
BALAT;14;594;400L;400;31.91;active
BALAT;14;595;400L;400;42.25;active
BALAT;14;596;400L;400;82.12;active
BALAT;14;597;400L;400;27.09;active
BALAT;14;598;400L;400;12.6;active
BALAT;14;599;400L;400;42.52;active
BALAT;14;600;400L;400;24.36;active
BALAT;14;601;400L;400;37.3;active
BALAT;14;602;400L;400;31.94;active
BALAT;14;603;400L;400;51.19;active
BALAT;14;604;400L;400;76.49;active
BALAT;14;605;400L;400;10.52;active
BALAT;14;606;400L;400;15.16;active
BALAT;14;607;400L;400;58.46;active
BALAT;14;608;400L;400;51.81;active
BALAT;14;609;400L;400;27.7;active
BALAT;14;610;400L;400;11.9;active
BALAT;14;611;400L;400;33.19;active
BALAT;14;612;400L;400;45.59;active
BALAT;14;613;400L;400;94.64;active
BALAT;14;614;400L;400;20.52;active
BALAT;14;615;400L;400;44.94;active
BALAT;14;616;400L;400;46.13;active
BALAT;14;617;400L;400;61.82;active
BALAT;14;618;400L;400;22.55;active
BALAT;14;619;400L;400;50.92;active
BALAT;14;620;400L;400;30.63;active
BALAT;14;621;400L;400;12.27;active
BALAT;14;622;400L;400;74.61;active
BALAT;14;623;400L;400;74.82;active
BALAT;14;624;PLASTİK;60;30.25;active
BALAT;14;625;PLASTİK;60;28.87;active
BALAT;14;626;PLASTİK;60;10.81;active
BALAT;14;627;PLASTİK;60;55.53;active
BALAT;14;628;PLASTİK;60;40.99;active
BALAT;14;629;PLASTİK;60;43.89;active
BALAT;14;630;PLASTİK;60;46.49;active
BALAT;14;631;PLASTİK;60;34.72;active
BALAT;14;632;PLASTİK;60;26.04;active
BALAT;14;633;PLASTİK;60;24.34;active
BALAT;14;634;PLASTİK;60;17.46;active
BALAT;14;635;PLASTİK;60;32.31;active
BALAT;14;636;PLASTİK;60;24.04;active
BALAT;14;637;PLASTİK;60;24.39;active
BALAT;14;638;PLASTİK;60;17.22;active
BALAT;14;639;PLASTİK;60;63.9;active
BALAT;14;640;PLASTİK;60;80.86;active
BALAT;14;641;PLASTİK;60;91.37;active
BALAT;14;642;PLASTİK;60;12.81;active
BALKAN;15;643;YERALTI;1100;27.53;active
BALKAN;15;644;YERALTI;1100;94.89;active
BALKAN;15;645;YERALTI;1100;33.45;active
BALKAN;15;646;YERALTI;1100;56.98;active
BALKAN;15;647;770L;770;27.19;active
BALKAN;15;648;770L;770;31.43;active
BALKAN;15;649;770L;770;16.06;active
BALKAN;15;650;770L;770;25.69;active
BALKAN;15;651;770L;770;57.97;active
BALKAN;15;652;770L;770;40.16;active
BALKAN;15;653;770L;770;30.21;active
BALKAN;15;654;770L;770;21.01;active
BALKAN;15;655;400L;400;22.29;active
BALKAN;15;656;400L;400;34.51;active
BALKAN;15;657;400L;400;32.18;active
BALKAN;15;658;400L;400;45.27;active
BALKAN;15;659;400L;400;17.26;active
BALKAN;15;660;400L;400;27.56;active
BALKAN;15;661;400L;400;44.42;active
BALKAN;15;662;400L;400;12.43;active
BALKAN;15;663;400L;400;20.37;active
BALKAN;15;664;400L;400;27.39;active
BALKAN;15;665;400L;400;88.7;active
BALKAN;15;666;400L;400;25.44;active
BALKAN;15;667;400L;400;14.12;active
BALKAN;15;668;400L;400;22.99;active
BALKAN;15;669;400L;400;54.22;active
BALKAN;15;670;400L;400;40.87;active
BALKAN;15;671;400L;400;19.36;active
BALKAN;15;672;400L;400;40.14;active
BALKAN;15;673;400L;400;92.79;active
BALKAN;15;674;400L;400;11.13;active
BALKAN;15;675;400L;400;55.1;active
BALKAN;15;676;400L;400;58.35;active
BALKAN;15;677;400L;400;10.15;active
BALKAN;15;678;400L;400;17.35;active
BALKAN;15;679;400L;400;61.13;active
BALKAN;15;680;400L;400;25.05;active
BALKAN;15;681;400L;400;53.26;active
BALKAN;15;682;400L;400;72.38;active
BALKAN;15;683;400L;400;23.03;active
BALKAN;15;684;400L;400;63.91;active
BALKAN;15;685;400L;400;23.37;active
BALKAN;15;686;400L;400;15.06;active
BALKAN;15;687;400L;400;60.05;active
BALKAN;15;688;400L;400;34.43;active
BALKAN;15;689;400L;400;15.07;active
BALKAN;15;690;400L;400;17.5;active
BALKAN;15;691;400L;400;16.83;active
BALKAN;15;692;400L;400;17.91;active
BALKAN;15;693;400L;400;29.76;active
BALKAN;15;694;400L;400;59.05;active
BALKAN;15;695;400L;400;14.55;active
BALKAN;15;696;400L;400;23.22;active
BALKAN;15;697;400L;400;18.16;active
BALKAN;15;698;400L;400;22.59;active
BALKAN;15;699;400L;400;11.65;active
BALKAN;15;700;400L;400;48.34;active
BALKAN;15;701;400L;400;10.62;active
BALKAN;15;702;400L;400;80.37;active
BALKAN;15;703;400L;400;73.99;active
BALKAN;15;704;400L;400;68.54;active
BALKAN;15;705;400L;400;36.21;active
BALKAN;15;706;400L;400;14.56;active
BALKAN;15;707;400L;400;11.8;active
BALKAN;15;708;400L;400;26.98;active
BALKAN;15;709;400L;400;41.75;active
BALKAN;15;710;400L;400;67.8;active
BALKAN;15;711;400L;400;29.56;active
BALKAN;15;712;400L;400;24.5;active
BALKAN;15;713;400L;400;61.1;active
BALKAN;15;714;400L;400;51.85;active
BALKAN;15;715;400L;400;12.12;active
BALKAN;15;716;400L;400;26.91;active
BALKAN;15;717;400L;400;30.06;active
BALKAN;15;718;400L;400;33.5;active
BALKAN;15;719;400L;400;67.09;active
BALKAN;15;720;400L;400;20.5;active
BALKAN;15;721;PLASTİK;60;32.42;active
BALKAN;15;722;PLASTİK;60;56.39;active
BALKAN;15;723;PLASTİK;60;94.02;active
BARIŞ;16;724;400L;400;54.28;active
BARIŞ;16;725;400L;400;11.54;active
BARIŞ;16;726;400L;400;14.79;active
BARIŞ;16;727;400L;400;41.17;active
BARIŞ;16;728;400L;400;20.81;active
BARIŞ;16;729;400L;400;34.24;active
BARIŞ;16;730;400L;400;24.18;active
BARIŞ;16;731;400L;400;37.32;active
BARIŞ;16;732;400L;400;42.49;active
BARIŞ;16;733;400L;400;32.33;active
BARIŞ;16;734;400L;400;14.86;active
BARIŞ;16;735;400L;400;27.75;active
BARIŞ;16;736;400L;400;29.86;active
BARIŞ;16;737;400L;400;85.81;active
BARIŞ;16;738;400L;400;33.48;active
BARIŞ;16;739;400L;400;16.65;active
BARIŞ;16;740;400L;400;56.99;active
BARIŞ;16;741;400L;400;29.17;active
BARIŞ;16;742;400L;400;28.13;active
BARIŞ;16;743;400L;400;30.16;active
BARIŞ;16;744;400L;400;25.46;active
BARIŞ;16;745;400L;400;66.34;active
BARIŞ;16;746;400L;400;37.89;active
BARIŞ;16;747;400L;400;94.86;active
BARIŞ;16;748;400L;400;57.16;active
BARIŞ;16;749;400L;400;16.55;active
BARIŞ;16;750;400L;400;56.14;active
BARIŞ;16;751;400L;400;19.39;active
BARIŞ;16;752;400L;400;94.98;active
BARIŞ;16;753;400L;400;54.72;active
BARIŞ;16;754;400L;400;19.62;active
BARIŞ;16;755;400L;400;27.72;active
BARIŞ;16;756;400L;400;79.39;active
BARIŞ;16;757;PLASTİK;60;14.3;active
BAŞKÖY;17;758;400L;400;65.04;active
BAŞKÖY;17;759;400L;400;15.14;active
BAŞKÖY;17;760;400L;400;31.0;active
BAŞKÖY;17;761;400L;400;28.79;active
BAŞKÖY;17;762;400L;400;21.23;active
BEŞEVLER;18;763;400L;400;62.22;active
BEŞEVLER;18;764;400L;400;30.52;active
BEŞEVLER;18;765;400L;400;38.71;active
BEŞEVLER;18;766;400L;400;28.93;active
BEŞEVLER;18;767;400L;400;30.06;active
BEŞEVLER;18;768;400L;400;20.45;active
BEŞEVLER;18;769;400L;400;47.18;active
BEŞEVLER;18;770;400L;400;83.24;active
BEŞEVLER;18;771;400L;400;19.26;active
BEŞEVLER;18;772;400L;400;16.94;active
BEŞEVLER;18;773;400L;400;24.63;active
BEŞEVLER;18;774;400L;400;38.87;active
BEŞEVLER;18;775;400L;400;30.12;active
BEŞEVLER;18;776;400L;400;18.81;active
BEŞEVLER;18;777;400L;400;30.87;active
BEŞEVLER;18;778;400L;400;20.71;active
BEŞEVLER;18;779;400L;400;51.17;active
BEŞEVLER;18;780;400L;400;32.03;active
BEŞEVLER;18;781;400L;400;28.75;active
BEŞEVLER;18;782;400L;400;32.63;active
BEŞEVLER;18;783;400L;400;23.98;active
BEŞEVLER;18;784;400L;400;21.72;active
BEŞEVLER;18;785;400L;400;43.88;active
BEŞEVLER;18;786;400L;400;60.93;active
BEŞEVLER;18;787;400L;400;40.4;active
BEŞEVLER;18;788;400L;400;11.05;active
BEŞEVLER;18;789;400L;400;11.66;active
BEŞEVLER;18;790;400L;400;32.87;active
BEŞEVLER;18;791;400L;400;35.8;active
BEŞEVLER;18;792;400L;400;59.96;active
BEŞEVLER;18;793;400L;400;20.01;active
BEŞEVLER;18;794;400L;400;56.62;active
BEŞEVLER;18;795;400L;400;14.67;active
BEŞEVLER;18;796;400L;400;16.59;active
BEŞEVLER;18;797;400L;400;30.69;active
BEŞEVLER;18;798;400L;400;42.4;active
BEŞEVLER;18;799;400L;400;73.2;active
BEŞEVLER;18;800;400L;400;11.33;active
BEŞEVLER;18;801;400L;400;68.89;active
BEŞEVLER;18;802;400L;400;26.92;active
BEŞEVLER;18;803;400L;400;13.25;active
BEŞEVLER;18;804;400L;400;28.48;active
BEŞEVLER;18;805;400L;400;41.8;active
BEŞEVLER;18;806;400L;400;29.06;active
BEŞEVLER;18;807;400L;400;32.45;active
BEŞEVLER;18;808;400L;400;83.73;active
BEŞEVLER;18;809;400L;400;20.58;active
BEŞEVLER;18;810;400L;400;21.2;active
BEŞEVLER;18;811;400L;400;49.96;active
BEŞEVLER;18;812;400L;400;77.91;active
BEŞEVLER;18;813;400L;400;39.9;active
BEŞEVLER;18;814;400L;400;11.63;active
BEŞEVLER;18;815;400L;400;30.43;active
BEŞEVLER;18;816;400L;400;19.29;active
BEŞEVLER;18;817;400L;400;68.2;active
BEŞEVLER;18;818;400L;400;55.36;active
BEŞEVLER;18;819;400L;400;17.59;active
BEŞEVLER;18;820;400L;400;91.25;active
BEŞEVLER;18;821;400L;400;27.26;active
BEŞEVLER;18;822;400L;400;20.04;active
BEŞEVLER;18;823;400L;400;28.27;active
BEŞEVLER;18;824;400L;400;60.26;active
BEŞEVLER;18;825;400L;400;52.05;active
BEŞEVLER;18;826;400L;400;39.32;active
BEŞEVLER;18;827;400L;400;60.08;active
BEŞEVLER;18;828;400L;400;24.0;active
BEŞEVLER;18;829;400L;400;14.04;active
BEŞEVLER;18;830;400L;400;53.19;active
BEŞEVLER;18;831;400L;400;19.36;active
BEŞEVLER;18;832;400L;400;35.42;active
BEŞEVLER;18;833;400L;400;52.57;active
BEŞEVLER;18;834;400L;400;37.48;active
BEŞEVLER;18;835;400L;400;39.83;active
BEŞEVLER;18;836;400L;400;12.48;active
BEŞEVLER;18;837;400L;400;20.72;active
BEŞEVLER;18;838;400L;400;35.77;active
BEŞEVLER;18;839;400L;400;52.32;active
BEŞEVLER;18;840;400L;400;31.83;active
BEŞEVLER;18;841;400L;400;22.3;active
BEŞEVLER;18;842;400L;400;10.59;active
BEŞEVLER;18;843;400L;400;56.07;active
BEŞEVLER;18;844;400L;400;30.89;active
BEŞEVLER;18;845;400L;400;82.06;active
BEŞEVLER;18;846;400L;400;65.56;active
BEŞEVLER;18;847;400L;400;11.21;active
BEŞEVLER;18;848;400L;400;22.61;active
BEŞEVLER;18;849;PLASTİK;60;31.55;active
BEŞEVLER;18;850;PLASTİK;60;18.55;active
BEŞEVLER;18;851;PLASTİK;60;13.76;active
BEŞEVLER;18;852;PLASTİK;60;91.31;active
BEŞEVLER;18;853;PLASTİK;60;23.45;active
BEŞEVLER;18;854;PLASTİK;60;24.74;active
BEŞEVLER;18;855;PLASTİK;60;77.93;active
BEŞEVLER;18;856;PLASTİK;60;12.22;active
BEŞEVLER;18;857;PLASTİK;60;27.58;active
BEŞEVLER;18;858;PLASTİK;60;51.98;active
BEŞEVLER;18;859;PLASTİK;60;71.87;active
BEŞEVLER;18;860;PLASTİK;60;34.04;active
BEŞEVLER;18;861;PLASTİK;60;62.37;active
BEŞEVLER;18;862;PLASTİK;60;14.72;active
BEŞEVLER;18;863;PLASTİK;60;22.88;active
BEŞEVLER;18;864;PLASTİK;60;51.4;active
BEŞEVLER;18;865;PLASTİK;60;74.44;active
BEŞEVLER;18;866;PLASTİK;60;51.61;active
BEŞEVLER;18;867;PLASTİK;60;43.23;active
BEŞEVLER;18;868;PLASTİK;60;53.08;active
BEŞEVLER;18;869;PLASTİK;60;24.59;active
BÜYÜKBALIKLI;19;870;400L;400;84.34;active
BÜYÜKBALIKLI;19;871;400L;400;52.02;active
BÜYÜKBALIKLI;19;872;400L;400;21.37;active
BÜYÜKBALIKLI;19;873;400L;400;23.01;active
BÜYÜKBALIKLI;19;874;400L;400;12.18;active
BÜYÜKBALIKLI;19;875;400L;400;20.24;active
BÜYÜKBALIKLI;19;876;400L;400;64.19;active
BÜYÜKBALIKLI;19;877;400L;400;14.66;active
BÜYÜKBALIKLI;19;878;400L;400;13.48;active
BÜYÜKBALIKLI;19;879;400L;400;47.77;active
DAĞYENİCE;25;1047;400L;400;31.64;active
DAĞYENİCE;25;1048;400L;400;31.23;active
DAĞYENİCE;25;1049;400L;400;31.58;active
DAĞYENİCE;25;1050;400L;400;20.35;active
DAĞYENİCE;25;1051;400L;400;17.17;active
DAĞYENİCE;25;1052;400L;400;21.15;active
DAĞYENİCE;25;1053;400L;400;43.32;active
DAĞYENİCE;25;1054;400L;400;75.38;active
DAĞYENİCE;25;1055;400L;400;35.91;active
DAĞYENİCE;25;1056;PLASTİK;60;34.35;active
DAĞYENİCE;25;1057;PLASTİK;60;45.49;active
DAĞYENİCE;25;1058;PLASTİK;60;61.2;active
DAĞYENİCE;25;1059;PLASTİK;60;73.32;active
DEMİRCİ;26;1060;400L;400;22.27;active
DEMİRCİ;26;1061;400L;400;21.54;active
DEMİRCİ;26;1062;400L;400;13.41;active
DEMİRCİ;26;1063;400L;400;94.34;active
DEMİRCİ;26;1064;400L;400;14.69;active
DEMİRCİ;26;1065;400L;400;24.03;active
DEMİRCİ;26;1066;400L;400;36.93;active
DEMİRCİ;26;1067;400L;400;82.6;active
DEMİRCİ;26;1068;400L;400;23.23;active
DEMİRCİ;26;1069;400L;400;93.29;active
DEMİRCİ;26;1070;400L;400;30.74;active
DEMİRCİ;26;1071;400L;400;48.3;active
DEMİRCİ;26;1072;400L;400;51.57;active
DEMİRCİ;26;1073;400L;400;15.96;active
DEMİRCİ;26;1074;400L;400;29.37;active
DEMİRCİ;26;1075;400L;400;94.98;active
DEMİRCİ;26;1076;400L;400;25.75;active
DEMİRCİ;26;1077;400L;400;34.41;active
DEMİRCİ;26;1078;400L;400;27.21;active
DEMİRCİ;26;1079;400L;400;21.6;active
DEMİRCİ;26;1080;400L;400;71.34;active
DEMİRCİ;26;1081;400L;400;69.71;active
DEMİRCİ;26;1082;400L;400;19.0;active
DEMİRCİ;26;1083;400L;400;18.67;active
DEMİRCİ;26;1084;400L;400;53.04;active
DEMİRCİ;26;1085;400L;400;28.97;active
DEMİRCİ;26;1086;400L;400;59.66;active
DEMİRCİ;26;1087;400L;400;17.87;active
DEMİRCİ;26;1088;400L;400;63.23;active
DEMİRCİ;26;1089;400L;400;27.76;active
DEMİRCİ;26;1090;400L;400;46.29;active
DEMİRCİ;26;1091;400L;400;18.68;active
DEMİRCİ;26;1092;400L;400;57.45;active
DEMİRCİ;26;1093;400L;400;16.25;active
DEMİRCİ;26;1094;400L;400;64.16;active
DEMİRCİ;26;1095;400L;400;63.89;active
DEMİRCİ;26;1096;400L;400;30.42;active
DEMİRCİ;26;1097;400L;400;17.71;active
DEMİRCİ;26;1098;400L;400;46.53;active
DEMİRCİ;26;1099;400L;400;31.79;active
DEMİRCİ;26;1100;400L;400;53.87;active
DEMİRCİ;26;1101;400L;400;15.7;active
DEMİRCİ;26;1102;400L;400;21.25;active
DEMİRCİ;26;1103;400L;400;27.09;active
DEMİRCİ;26;1104;400L;400;11.08;active
DEMİRCİ;26;1105;PLASTİK;60;57.21;active
DEMİRCİ;26;1106;PLASTİK;60;48.4;active
DEMİRCİ;26;1107;PLASTİK;60;21.05;active
DEMİRCİ;26;1108;PLASTİK;60;18.76;active
DEMİRCİ;26;1109;PLASTİK;60;23.25;active
DEMİRCİ;26;1110;PLASTİK;60;17.56;active
DEMİRCİ;26;1111;PLASTİK;60;17.93;active
DEMİRCİ;26;1112;PLASTİK;60;39.94;active
DEMİRCİ;26;1113;PLASTİK;60;13.47;active
DOĞANKÖY;27;1114;400L;400;25.36;active
DOĞANKÖY;27;1115;400L;400;67.71;active
DOĞANKÖY;27;1116;400L;400;47.18;active
DOĞANKÖY;27;1117;400L;400;62.15;active
DOĞANKÖY;27;1118;400L;400;26.58;active
DOĞANKÖY;27;1119;400L;400;34.89;active
DOĞANKÖY;27;1120;400L;400;30.63;active
DOĞANKÖY;27;1121;400L;400;58.15;active
DOĞANKÖY;27;1122;400L;400;39.13;active
DOĞANKÖY;27;1123;400L;400;40.47;active
DOĞANKÖY;27;1124;400L;400;59.39;active
DOĞANKÖY;27;1125;PLASTİK;60;31.78;active
DOĞANKÖY;27;1126;PLASTİK;60;10.32;active
DOĞANKÖY;27;1127;PLASTİK;60;14.9;active
DOĞANKÖY;27;1128;PLASTİK;60;16.76;active
DOĞANKÖY;27;1129;PLASTİK;60;61.28;active
DOĞANKÖY;27;1130;PLASTİK;60;63.25;active
DOĞANKÖY;27;1131;PLASTİK;60;28.93;active
DUMLUPINAR;28;1132;770L;770;42.41;active
DUMLUPINAR;28;1133;770L;770;27.48;active
DUMLUPINAR;28;1134;770L;770;29.92;active
DUMLUPINAR;28;1135;770L;770;25.02;active
DUMLUPINAR;28;1136;770L;770;32.84;active
DUMLUPINAR;28;1137;770L;770;10.54;active
DUMLUPINAR;28;1138;770L;770;16.95;active
DUMLUPINAR;28;1139;770L;770;12.79;active
DUMLUPINAR;28;1140;770L;770;89.5;active
DUMLUPINAR;28;1141;770L;770;16.43;active
DUMLUPINAR;28;1142;770L;770;20.75;active
DUMLUPINAR;28;1143;770L;770;61.22;active
DUMLUPINAR;28;1144;770L;770;57.41;active
ERTUĞRUL;29;1145;YERALTI;1100;27.63;active
ERTUĞRUL;29;1146;YERALTI;1100;12.81;active
ERTUĞRUL;29;1147;YERALTI;1100;12.85;active
ERTUĞRUL;29;1148;YERALTI;1100;90.71;active
ERTUĞRUL;29;1149;YERALTI;1100;55.33;active
ERTUĞRUL;29;1150;YERALTI;1100;63.15;active
ERTUĞRUL;29;1151;YERALTI;1100;23.93;active
ERTUĞRUL;29;1152;YERALTI;1100;26.42;active
ERTUĞRUL;29;1153;YERALTI;1100;16.26;active
ERTUĞRUL;29;1154;400L;400;31.53;active
ERTUĞRUL;29;1155;400L;400;45.59;active
ERTUĞRUL;29;1156;400L;400;46.08;active
ERTUĞRUL;29;1157;400L;400;45.03;active
ERTUĞRUL;29;1158;400L;400;49.74;active
ERTUĞRUL;29;1159;400L;400;62.69;active
ERTUĞRUL;29;1160;400L;400;14.44;active
ERTUĞRUL;29;1161;400L;400;34.37;active
ERTUĞRUL;29;1162;400L;400;16.74;active
ERTUĞRUL;29;1163;400L;400;63.33;active
ERTUĞRUL;29;1164;400L;400;51.82;active
ERTUĞRUL;29;1165;400L;400;64.22;active
ERTUĞRUL;29;1166;400L;400;54.05;active
ERTUĞRUL;29;1167;400L;400;13.42;active
ERTUĞRUL;29;1168;400L;400;27.97;active
ERTUĞRUL;29;1169;400L;400;17.47;active
ERTUĞRUL;29;1170;400L;400;40.91;active
ERTUĞRUL;29;1171;400L;400;63.28;active
ERTUĞRUL;29;1172;400L;400;16.45;active
ERTUĞRUL;29;1173;400L;400;12.38;active
ERTUĞRUL;29;1174;400L;400;42.89;active
ERTUĞRUL;29;1175;400L;400;47.89;active
ERTUĞRUL;29;1176;400L;400;56.33;active
ERTUĞRUL;29;1177;400L;400;30.86;active
ERTUĞRUL;29;1178;400L;400;78.6;active
ERTUĞRUL;29;1179;400L;400;94.27;active
ERTUĞRUL;29;1180;400L;400;30.13;active
ERTUĞRUL;29;1181;400L;400;17.53;active
ERTUĞRUL;29;1182;400L;400;27.33;active
ERTUĞRUL;29;1183;400L;400;27.26;active
ERTUĞRUL;29;1184;400L;400;38.45;active
ERTUĞRUL;29;1185;400L;400;38.18;active
ESENTEPE;30;1186;400L;400;58.59;active
ESENTEPE;30;1187;400L;400;33.79;active
ESENTEPE;30;1188;400L;400;41.53;active
ESENTEPE;30;1189;400L;400;64.97;active
ESENTEPE;30;1190;400L;400;22.25;active
ESENTEPE;30;1191;400L;400;23.76;active
ESENTEPE;30;1192;400L;400;17.32;active
ESENTEPE;30;1193;400L;400;55.72;active
ESENTEPE;30;1194;400L;400;19.23;active
ESENTEPE;30;1195;400L;400;16.85;active
ESENTEPE;30;1196;400L;400;48.56;active
ESENTEPE;30;1197;400L;400;35.73;active
ESENTEPE;30;1198;400L;400;11.84;active
ESENTEPE;30;1199;400L;400;75.56;active
ESENTEPE;30;1200;400L;400;31.02;active
ESENTEPE;30;1201;400L;400;33.53;active
ESENTEPE;30;1202;400L;400;53.63;active
ESENTEPE;30;1203;400L;400;78.22;active
ESENTEPE;30;1204;400L;400;57.98;active
ESENTEPE;30;1205;400L;400;94.41;active
ESENTEPE;30;1206;400L;400;90.15;active
ESENTEPE;30;1207;400L;400;15.01;active
ESENTEPE;30;1208;400L;400;31.74;active
ESENTEPE;30;1209;400L;400;57.74;active
ESENTEPE;30;1210;400L;400;34.23;active
ESENTEPE;30;1211;400L;400;62.86;active
ESENTEPE;30;1212;400L;400;25.29;active
ESENTEPE;30;1213;400L;400;66.49;active
ESENTEPE;30;1214;400L;400;57.51;active
ESENTEPE;30;1215;400L;400;34.68;active
ESENTEPE;30;1216;400L;400;20.41;active
ESENTEPE;30;1217;400L;400;11.84;active
ESENTEPE;30;1218;400L;400;71.8;active
ESENTEPE;30;1219;400L;400;54.92;active
ESENTEPE;30;1220;400L;400;81.6;active
ESENTEPE;30;1221;400L;400;37.79;active
ESENTEPE;30;1222;PLASTİK;60;22.1;active
ESENTEPE;30;1223;PLASTİK;60;21.37;active
ESENTEPE;30;1224;PLASTİK;60;21.64;active
ESENTEPE;30;1225;PLASTİK;60;27.75;active
ESENTEPE;30;1226;PLASTİK;60;50.19;active
ESENTEPE;30;1227;PLASTİK;60;34.57;active
ESENTEPE;30;1228;PLASTİK;60;78.46;active
ESENTEPE;30;1229;PLASTİK;60;20.57;active
ESENTEPE;30;1230;PLASTİK;60;23.34;active
ESENTEPE;30;1231;PLASTİK;60;10.08;active
ESENTEPE;30;1232;PLASTİK;60;60.71;active
ESENTEPE;30;1233;PLASTİK;60;38.57;active
ESENTEPE;30;1234;PLASTİK;60;22.04;active
ESENTEPE;30;1235;PLASTİK;60;17.13;active
ESENTEPE;30;1236;PLASTİK;60;38.7;active
ESENTEPE;30;1237;PLASTİK;60;24.04;active
ESENTEPE;30;1238;PLASTİK;60;41.17;active
ESENTEPE;30;1239;PLASTİK;60;55.2;active
ESENTEPE;30;1240;PLASTİK;60;31.74;active
ESENTEPE;30;1241;PLASTİK;60;23.22;active
ESENTEPE;30;1242;PLASTİK;60;56.8;active
ESENTEPE;30;1243;PLASTİK;60;17.89;active
ESENTEPE;30;1244;PLASTİK;60;10.65;active
ESENTEPE;30;1245;PLASTİK;60;40.83;active
ESENTEPE;30;1246;PLASTİK;60;18.05;active
ESENTEPE;30;1247;PLASTİK;60;19.05;active
ESENTEPE;30;1248;PLASTİK;60;70.44;active
ESENTEPE;30;1249;PLASTİK;60;20.89;active
ESENTEPE;30;1250;PLASTİK;60;47.1;active
ESENTEPE;30;1251;PLASTİK;60;18.53;active
ESENTEPE;30;1252;PLASTİK;60;32.39;active
ESENTEPE;30;1253;PLASTİK;60;12.37;active
ESENTEPE;30;1254;PLASTİK;60;22.06;active
ESENTEPE;30;1255;PLASTİK;60;51.19;active
ESENTEPE;30;1256;PLASTİK;60;32.41;active
ESENTEPE;30;1257;PLASTİK;60;33.59;active
ESENTEPE;30;1258;PLASTİK;60;23.45;active
ESENTEPE;30;1259;PLASTİK;60;13.04;active
ESENTEPE;30;1260;PLASTİK;60;29.56;active
FADILLI;31;1261;400L;400;15.48;active
FADILLI;31;1262;400L;400;21.97;active
FADILLI;31;1263;400L;400;41.98;active
FADILLI;31;1264;400L;400;30.39;active
FADILLI;31;1265;400L;400;11.82;active
FADILLI;31;1266;400L;400;43.02;active
FADILLI;31;1267;400L;400;17.26;active
FADILLI;31;1268;400L;400;13.93;active
FETHİYE;32;1269;400L;400;15.8;active
FETHİYE;32;1270;400L;400;87.09;active
FETHİYE;32;1271;400L;400;28.31;active
FETHİYE;32;1272;400L;400;24.15;active
FETHİYE;32;1273;400L;400;21.45;active
FETHİYE;32;1274;400L;400;14.27;active
FETHİYE;32;1275;400L;400;62.36;active
FETHİYE;32;1276;400L;400;21.5;active
FETHİYE;32;1277;400L;400;80.33;active
FETHİYE;32;1278;400L;400;19.47;active
FETHİYE;32;1279;400L;400;10.61;active
FETHİYE;32;1280;400L;400;63.69;active
FETHİYE;32;1281;400L;400;21.26;active
FETHİYE;32;1282;400L;400;62.96;active
FETHİYE;32;1283;400L;400;16.89;active
FETHİYE;32;1284;400L;400;30.59;active
FETHİYE;32;1285;400L;400;22.0;active
FETHİYE;32;1286;400L;400;19.86;active
FETHİYE;32;1287;400L;400;18.15;active
FETHİYE;32;1288;400L;400;17.26;active
FETHİYE;32;1289;400L;400;30.4;active
FETHİYE;32;1290;400L;400;10.49;active
FETHİYE;32;1291;400L;400;50.34;active
FETHİYE;32;1292;400L;400;26.61;active
FETHİYE;32;1293;400L;400;60.44;active
FETHİYE;32;1294;400L;400;70.34;active
FETHİYE;32;1295;400L;400;34.63;active
FETHİYE;32;1296;400L;400;25.22;active
FETHİYE;32;1297;400L;400;16.66;active
FETHİYE;32;1298;400L;400;56.62;active
FETHİYE;32;1299;400L;400;35.77;active
FETHİYE;32;1300;400L;400;21.08;active
FETHİYE;32;1301;400L;400;70.63;active
FETHİYE;32;1302;400L;400;28.93;active
FETHİYE;32;1303;400L;400;93.55;active
FETHİYE;32;1304;400L;400;15.45;active
FETHİYE;32;1305;400L;400;64.49;active
FETHİYE;32;1306;400L;400;46.29;active
FETHİYE;32;1307;400L;400;11.32;active
FETHİYE;32;1308;400L;400;47.39;active
FETHİYE;32;1309;400L;400;13.88;active
FETHİYE;32;1310;400L;400;34.49;active
FETHİYE;32;1311;400L;400;31.43;active
FETHİYE;32;1312;400L;400;43.51;active
FETHİYE;32;1313;400L;400;34.94;active
FETHİYE;32;1314;400L;400;10.71;active
FETHİYE;32;1315;400L;400;21.75;active
FETHİYE;32;1316;400L;400;37.45;active
FETHİYE;32;1317;400L;400;27.88;active
FETHİYE;32;1318;400L;400;12.22;active
FETHİYE;32;1319;400L;400;38.15;active
FETHİYE;32;1320;400L;400;16.4;active
FETHİYE;32;1321;PLASTİK;60;12.15;active
FETHİYE;32;1322;PLASTİK;60;33.12;active
FETHİYE;32;1323;PLASTİK;60;35.36;active
FETHİYE;32;1324;PLASTİK;60;30.12;active
FETHİYE;32;1325;PLASTİK;60;47.31;active
FETHİYE;32;1326;PLASTİK;60;17.57;active
FETHİYE;32;1327;PLASTİK;60;30.01;active
FETHİYE;32;1328;PLASTİK;60;59.02;active
FETHİYE;32;1329;PLASTİK;60;10.39;active
FETHİYE;32;1330;PLASTİK;60;39.23;active
FETHİYE;32;1331;PLASTİK;60;38.19;active
FETHİYE;32;1332;PLASTİK;60;21.62;active
FETHİYE;32;1333;PLASTİK;60;34.42;active
FETHİYE;32;1334;PLASTİK;60;56.54;active
FETHİYE;32;1335;PLASTİK;60;27.42;active
FETHİYE;32;1336;PLASTİK;60;19.76;active
FETHİYE;32;1337;PLASTİK;60;30.61;active
FETHİYE;32;1338;PLASTİK;60;47.58;active
FETHİYE;32;1339;PLASTİK;60;11.85;active
FETHİYE;32;1340;PLASTİK;60;14.42;active
FETHİYE;32;1341;PLASTİK;60;20.87;active
FETHİYE;32;1342;PLASTİK;60;24.04;active
FETHİYE;32;1343;PLASTİK;60;16.23;active
FETHİYE;32;1344;PLASTİK;60;49.25;active
FETHİYE;32;1345;PLASTİK;60;42.53;active
FETHİYE;32;1346;PLASTİK;60;40.45;active
FETHİYE;32;1347;PLASTİK;60;36.51;active
FETHİYE;32;1348;PLASTİK;60;15.25;active
FETHİYE;32;1349;PLASTİK;60;32.24;active
FETHİYE;32;1350;PLASTİK;60;39.11;active
FETHİYE;32;1351;PLASTİK;60;72.44;active
FETHİYE;32;1352;PLASTİK;60;31.88;active
FETHİYE;32;1353;PLASTİK;60;74.46;active
FETHİYE;32;1354;PLASTİK;60;22.71;active
FETHİYE;32;1355;PLASTİK;60;89.43;active
FETHİYE;32;1356;PLASTİK;60;15.63;active
FETHİYE;32;1357;PLASTİK;60;12.43;active
FETHİYE;32;1358;PLASTİK;60;31.35;active
FETHİYE;32;1359;PLASTİK;60;20.81;active
FETHİYE;32;1360;PLASTİK;60;44.84;active
FETHİYE;32;1361;PLASTİK;60;56.51;active
FETHİYE;32;1362;PLASTİK;60;13.63;active
FETHİYE;32;1363;PLASTİK;60;28.73;active
FETHİYE;32;1364;PLASTİK;60;16.27;active
FETHİYE;32;1365;PLASTİK;60;26.69;active
FETHİYE;32;1366;PLASTİK;60;20.5;active
GELEMİT;33;1367;400L;400;64.88;active
GÖKÇE;34;1368;400L;400;35.19;active
GÖKÇE;34;1369;400L;400;57.46;active
GÖKÇE;34;1370;400L;400;57.7;active
GÖKÇE;34;1371;400L;400;14.97;active
GÖKÇE;34;1372;400L;400;10.37;active
GÖKÇE;34;1373;400L;400;19.25;active
GÖKÇE;34;1374;400L;400;18.25;active
GÖKÇE;34;1375;400L;400;13.32;active
GÖKÇE;34;1376;400L;400;30.86;active
GÖRÜKLE;36;1377;770L;770;84.11;active
GÖRÜKLE;36;1378;770L;770;18.89;active
GÖRÜKLE;36;1379;770L;770;18.23;active
GÖRÜKLE;36;1380;770L;770;53.08;active
GÖRÜKLE;36;1381;770L;770;63.72;active
GÖRÜKLE;36;1382;770L;770;61.51;active
GÖRÜKLE;36;1383;770L;770;19.78;active
GÖRÜKLE;36;1384;770L;770;24.33;active
GÖRÜKLE;36;1385;770L;770;58.07;active
GÖRÜKLE;36;1386;770L;770;14.67;active
GÖRÜKLE;36;1387;770L;770;58.33;active
GÖRÜKLE;36;1388;770L;770;25.49;active
GÖRÜKLE;36;1389;770L;770;15.05;active
GÖRÜKLE;36;1390;770L;770;30.09;active
GÖRÜKLE;36;1391;770L;770;71.3;active
GÖRÜKLE;36;1392;770L;770;16.08;active
GÖRÜKLE;36;1393;770L;770;25.99;active
GÖRÜKLE;36;1394;770L;770;24.81;active
GÖRÜKLE;36;1395;770L;770;34.4;active
GÖRÜKLE;36;1396;770L;770;49.5;active
GÖRÜKLE;36;1397;770L;770;46.52;active
GÖRÜKLE;36;1398;400L;400;20.19;active
GÖRÜKLE;36;1399;400L;400;18.54;active
GÖRÜKLE;36;1400;400L;400;25.15;active
GÖRÜKLE;36;1401;400L;400;37.28;active
GÖRÜKLE;36;1402;400L;400;44.64;active
GÖRÜKLE;36;1403;400L;400;27.94;active
GÖRÜKLE;36;1404;400L;400;64.91;active
GÖRÜKLE;36;1405;400L;400;63.82;active
GÖRÜKLE;36;1406;400L;400;15.92;active
GÖRÜKLE;36;1407;400L;400;14.65;active
GÖRÜKLE;36;1408;400L;400;13.32;active
GÖRÜKLE;36;1409;400L;400;21.97;active
GÖRÜKLE;36;1410;400L;400;21.9;active
GÖRÜKLE;36;1411;400L;400;20.12;active
GÖRÜKLE;36;1412;400L;400;45.55;active
GÖRÜKLE;36;1413;400L;400;42.4;active
GÖRÜKLE;36;1414;400L;400;21.02;active
GÖRÜKLE;36;1415;400L;400;39.45;active
GÖRÜKLE;36;1416;400L;400;22.31;active
GÖRÜKLE;36;1417;400L;400;64.37;active
GÖRÜKLE;36;1418;400L;400;76.04;active
GÖRÜKLE;36;1419;400L;400;60.56;active
GÖRÜKLE;36;1420;400L;400;26.02;active
GÖRÜKLE;36;1421;400L;400;25.75;active
GÖRÜKLE;36;1422;400L;400;56.63;active
GÖRÜKLE;36;1423;400L;400;30.38;active
GÖRÜKLE;36;1424;400L;400;25.19;active
GÖRÜKLE;36;1425;400L;400;24.47;active
GÖRÜKLE;36;1426;400L;400;42.76;active
GÖRÜKLE;36;1427;400L;400;68.89;active
GÖRÜKLE;36;1428;400L;400;28.27;active
GÖRÜKLE;36;1429;400L;400;23.42;active
GÖRÜKLE;36;1430;400L;400;85.8;active
GÖRÜKLE;36;1431;400L;400;20.69;active
GÖRÜKLE;36;1432;400L;400;29.63;active
GÖRÜKLE;36;1433;400L;400;20.87;active
GÖRÜKLE;36;1434;400L;400;23.82;active
GÖRÜKLE;36;1435;400L;400;42.18;active
GÖRÜKLE;36;1436;400L;400;21.57;active
GÖRÜKLE;36;1437;400L;400;41.09;active
GÖRÜKLE;36;1438;400L;400;41.31;active
GÖRÜKLE;36;1439;400L;400;15.56;active
GÖRÜKLE;36;1440;400L;400;35.37;active
GÖRÜKLE;36;1441;400L;400;11.92;active
GÖRÜKLE;36;1442;400L;400;76.34;active
GÖRÜKLE;36;1443;400L;400;92.36;active
GÖRÜKLE;36;1444;400L;400;11.77;active
GÖRÜKLE;36;1445;400L;400;39.74;active
GÖRÜKLE;36;1446;400L;400;51.19;active
GÖRÜKLE;36;1447;400L;400;32.39;active
GÖRÜKLE;36;1448;400L;400;43.23;active
GÖRÜKLE;36;1449;400L;400;18.56;active
GÖRÜKLE;36;1450;400L;400;26.54;active
GÖRÜKLE;36;1451;400L;400;28.57;active
GÖRÜKLE;36;1452;400L;400;76.93;active
GÖRÜKLE;36;1453;400L;400;19.97;active
GÖRÜKLE;36;1454;400L;400;37.3;active
GÖRÜKLE;36;1455;400L;400;33.86;active
GÖRÜKLE;36;1456;400L;400;15.54;active
GÖRÜKLE;36;1457;400L;400;86.07;active
GÖRÜKLE;36;1458;400L;400;27.84;active
GÜMÜŞTEPE;37;1459;400L;400;38.0;active
GÜMÜŞTEPE;37;1460;400L;400;81.96;active
GÜMÜŞTEPE;37;1461;400L;400;28.72;active
GÜMÜŞTEPE;37;1462;400L;400;53.5;active
GÜMÜŞTEPE;37;1463;400L;400;55.52;active
GÜMÜŞTEPE;37;1464;400L;400;31.24;active
GÜMÜŞTEPE;37;1465;400L;400;73.89;active
GÜMÜŞTEPE;37;1466;400L;400;23.74;active
GÜMÜŞTEPE;37;1467;400L;400;19.28;active
GÜMÜŞTEPE;37;1468;400L;400;28.51;active
GÜMÜŞTEPE;37;1469;400L;400;31.06;active
GÜMÜŞTEPE;37;1470;400L;400;58.96;active
GÜMÜŞTEPE;37;1471;400L;400;42.98;active
GÜMÜŞTEPE;37;1472;400L;400;20.27;active
GÜMÜŞTEPE;37;1473;400L;400;64.51;active
GÜMÜŞTEPE;37;1474;400L;400;15.87;active
GÜMÜŞTEPE;37;1475;400L;400;26.85;active
GÜMÜŞTEPE;37;1476;400L;400;13.46;active
GÜMÜŞTEPE;37;1477;400L;400;40.25;active
GÜMÜŞTEPE;37;1478;400L;400;63.24;active
GÜMÜŞTEPE;37;1479;400L;400;76.17;active
GÜMÜŞTEPE;37;1480;400L;400;30.35;active
GÜMÜŞTEPE;37;1481;400L;400;11.38;active
GÜMÜŞTEPE;37;1482;400L;400;16.9;active
GÜMÜŞTEPE;37;1483;400L;400;27.5;active
GÜMÜŞTEPE;37;1484;400L;400;11.05;active
GÜMÜŞTEPE;37;1485;400L;400;18.46;active
GÜMÜŞTEPE;37;1486;400L;400;54.56;active
GÜMÜŞTEPE;37;1487;400L;400;60.93;active
GÜMÜŞTEPE;37;1488;400L;400;16.12;active
GÜMÜŞTEPE;37;1489;400L;400;64.35;active
GÜMÜŞTEPE;37;1490;PLASTİK;60;10.43;active
GÜMÜŞTEPE;37;1491;PLASTİK;60;68.45;active
GÜMÜŞTEPE;37;1492;PLASTİK;60;27.05;active
GÜMÜŞTEPE;37;1493;PLASTİK;60;69.33;active
GÜMÜŞTEPE;37;1494;PLASTİK;60;29.17;active
GÜMÜŞTEPE;37;1495;PLASTİK;60;16.25;active
GÜMÜŞTEPE;37;1496;PLASTİK;60;46.22;active
GÜMÜŞTEPE;37;1497;PLASTİK;60;20.47;active
GÜMÜŞTEPE;37;1498;PLASTİK;60;30.37;active
GÜMÜŞTEPE;37;1499;PLASTİK;60;35.32;active
GÜMÜŞTEPE;37;1500;PLASTİK;60;53.66;active
GÜMÜŞTEPE;37;1501;PLASTİK;60;19.35;active
GÜMÜŞTEPE;37;1502;PLASTİK;60;44.2;active
GÜMÜŞTEPE;37;1503;PLASTİK;60;10.94;active
GÜMÜŞTEPE;37;1504;PLASTİK;60;48.39;active
GÜMÜŞTEPE;37;1505;PLASTİK;60;51.58;active
GÜNGÖREN;38;1506;400L;400;34.86;active
GÜNGÖREN;38;1507;400L;400;39.83;active
GÜNGÖREN;38;1508;400L;400;70.37;active
GÜNGÖREN;38;1509;400L;400;18.17;active
GÜNGÖREN;38;1510;400L;400;74.09;active
GÜNGÖREN;38;1511;400L;400;57.18;active
HASANAĞA;39;1512;400L;400;43.18;active
HASANAĞA;39;1513;400L;400;34.89;active
HASANAĞA;39;1514;400L;400;18.2;active
HASANAĞA;39;1515;400L;400;23.98;active
HASANAĞA;39;1516;400L;400;17.37;active
HASANAĞA;39;1517;400L;400;63.76;active
HASANAĞA;39;1518;400L;400;10.12;active
HASANAĞA;39;1519;400L;400;24.5;active
HASANAĞA;39;1520;400L;400;11.68;active
HASANAĞA;39;1521;400L;400;12.69;active
HASANAĞA;39;1522;400L;400;12.75;active
HASANAĞA;39;1523;400L;400;22.48;active
HASANAĞA;39;1524;400L;400;78.71;active
HASANAĞA;39;1525;400L;400;40.39;active
HASANAĞA;39;1526;400L;400;25.41;active
HASANAĞA;39;1527;400L;400;10.04;active
HASANAĞA;39;1528;400L;400;38.77;active
HASANAĞA;39;1529;400L;400;55.8;active
HASANAĞA;39;1530;PLASTİK;60;32.0;active
HASANAĞA;39;1531;PLASTİK;60;10.26;active
HASANAĞA;39;1532;PLASTİK;60;94.38;active
IŞIKTEPE;40;1533;400L;400;47.01;active
IŞIKTEPE;40;1534;400L;400;24.04;active
IŞIKTEPE;40;1535;PLASTİK;60;24.55;active
IŞIKTEPE;40;1536;PLASTİK;60;89.55;active
IŞIKTEPE;40;1537;PLASTİK;60;33.71;active
IŞIKTEPE;40;1538;PLASTİK;60;39.27;active
IŞIKTEPE;40;1539;PLASTİK;60;29.49;active
IŞIKTEPE;40;1540;PLASTİK;60;52.03;active
IŞIKTEPE;40;1541;PLASTİK;60;14.19;active
IŞIKTEPE;40;1542;PLASTİK;60;33.43;active
IŞIKTEPE;40;1543;PLASTİK;60;63.59;active
IŞIKTEPE;40;1544;PLASTİK;60;63.22;active
IŞIKTEPE;40;1545;PLASTİK;60;26.22;active
IŞIKTEPE;40;1546;PLASTİK;60;64.0;active
IŞIKTEPE;40;1547;PLASTİK;60;84.22;active
IŞIKTEPE;40;1548;PLASTİK;60;14.49;active
IŞIKTEPE;40;1549;PLASTİK;60;83.82;active
IŞIKTEPE;40;1550;PLASTİK;60;31.13;active
IŞIKTEPE;40;1551;PLASTİK;60;35.65;active
IŞIKTEPE;40;1552;PLASTİK;60;42.47;active
IŞIKTEPE;40;1553;PLASTİK;60;30.41;active
IŞIKTEPE;40;1554;PLASTİK;60;76.97;active
IŞIKTEPE;40;1555;PLASTİK;60;30.87;active
IŞIKTEPE;40;1556;PLASTİK;60;34.74;active
IŞIKTEPE;40;1557;PLASTİK;60;16.23;active
IŞIKTEPE;40;1558;PLASTİK;60;30.64;active
IŞIKTEPE;40;1559;PLASTİK;60;17.89;active
IŞIKTEPE;40;1560;PLASTİK;60;91.58;active
IŞIKTEPE;40;1561;PLASTİK;60;12.13;active
IŞIKTEPE;40;1562;PLASTİK;60;37.05;active
IŞIKTEPE;40;1563;PLASTİK;60;25.14;active
IŞIKTEPE;40;1564;PLASTİK;60;25.15;active
IŞIKTEPE;40;1565;PLASTİK;60;31.88;active
IŞIKTEPE;40;1566;PLASTİK;60;34.92;active
IŞIKTEPE;40;1567;PLASTİK;60;61.14;active
IŞIKTEPE;40;1568;PLASTİK;60;55.34;active
IŞIKTEPE;40;1569;PLASTİK;60;33.37;active
IŞIKTEPE;40;1570;PLASTİK;60;93.62;active
IŞIKTEPE;40;1571;PLASTİK;60;20.27;active
IŞIKTEPE;40;1572;PLASTİK;60;42.57;active
IŞIKTEPE;40;1573;PLASTİK;60;28.47;active
IŞIKTEPE;40;1574;PLASTİK;60;57.7;active
IŞIKTEPE;40;1575;PLASTİK;60;47.75;active
IŞIKTEPE;40;1576;PLASTİK;60;54.33;active
IŞIKTEPE;40;1577;PLASTİK;60;79.3;active
IŞIKTEPE;40;1578;PLASTİK;60;10.5;active
IŞIKTEPE;40;1579;PLASTİK;60;19.98;active
IŞIKTEPE;40;1580;PLASTİK;60;81.82;active
IŞIKTEPE;40;1581;PLASTİK;60;24.28;active
IŞIKTEPE;40;1582;PLASTİK;60;13.7;active
IŞIKTEPE;40;1583;PLASTİK;60;13.82;active
IŞIKTEPE;40;1584;PLASTİK;60;50.05;active
IŞIKTEPE;40;1585;PLASTİK;60;20.08;active
IŞIKTEPE;40;1586;PLASTİK;60;21.04;active
IŞIKTEPE;40;1587;PLASTİK;60;34.36;active
IŞIKTEPE;40;1588;PLASTİK;60;39.39;active
IŞIKTEPE;40;1589;PLASTİK;60;83.96;active
IŞIKTEPE;40;1590;PLASTİK;60;14.71;active
IŞIKTEPE;40;1591;PLASTİK;60;43.04;active
IŞIKTEPE;40;1592;PLASTİK;60;27.02;active
IŞIKTEPE;40;1593;PLASTİK;60;16.43;active
IŞIKTEPE;40;1594;PLASTİK;60;63.12;active
IŞIKTEPE;40;1595;PLASTİK;60;61.99;active
IŞIKTEPE;40;1596;PLASTİK;60;11.83;active
IŞIKTEPE;40;1597;PLASTİK;60;17.93;active
IŞIKTEPE;40;1598;PLASTİK;60;33.12;active
IŞIKTEPE;40;1599;PLASTİK;60;73.13;active
IŞIKTEPE;40;1600;PLASTİK;60;85.86;active
IŞIKTEPE;40;1601;PLASTİK;60;25.29;active
KADRİYE;44;1748;400L;400;29.81;active
KADRİYE;44;1749;400L;400;91.15;active
KARACAOBA;45;1750;400L;400;13.38;active
KARACAOBA;45;1751;400L;400;26.28;active
KARACAOBA;45;1752;400L;400;22.31;active
KARACAOBA;45;1753;400L;400;11.08;active
KARACAOBA;45;1754;400L;400;17.51;active
KARACAOBA;45;1755;400L;400;17.24;active
KARACAOBA;45;1756;400L;400;32.21;active
KARACAOBA;45;1757;400L;400;20.72;active
KARAMAN;46;1758;400L;400;46.74;active
KARAMAN;46;1759;400L;400;39.26;active
KARAMAN;46;1760;400L;400;60.99;active
KARAMAN;46;1761;400L;400;56.63;active
KARAMAN;46;1762;400L;400;45.99;active
KARAMAN;46;1763;400L;400;57.33;active
KARAMAN;46;1764;400L;400;14.05;active
KARAMAN;46;1765;400L;400;51.9;active
KARAMAN;46;1766;400L;400;13.31;active
KARAMAN;46;1767;400L;400;63.96;active
KARAMAN;46;1768;400L;400;57.08;active
KARAMAN;46;1769;400L;400;23.41;active
KARAMAN;46;1770;400L;400;25.96;active
KARAMAN;46;1771;400L;400;46.31;active
KARAMAN;46;1772;400L;400;29.66;active
KARAMAN;46;1773;400L;400;64.83;active
KARAMAN;46;1774;400L;400;41.7;active
KARAMAN;46;1775;400L;400;42.59;active
KARAMAN;46;1776;400L;400;22.47;active
KARAMAN;46;1777;400L;400;29.06;active
KARAMAN;46;1778;400L;400;21.96;active
KARAMAN;46;1779;400L;400;15.73;active
KARAMAN;46;1780;400L;400;61.03;active
KARAMAN;46;1781;400L;400;29.02;active
KARAMAN;46;1782;400L;400;42.66;active
KARAMAN;46;1783;400L;400;58.36;active
KARAMAN;46;1784;400L;400;24.67;active
KARAMAN;46;1785;400L;400;14.17;active
KARAMAN;46;1786;400L;400;17.5;active
KAYAPA;47;1787;770L;770;11.4;active
KAYAPA;47;1788;400L;400;60.18;active
KAYAPA;47;1789;400L;400;14.39;active
KAYAPA;47;1790;400L;400;33.67;active
KAYAPA;47;1791;400L;400;77.51;active
KAYAPA;47;1792;400L;400;23.56;active
KAYAPA;47;1793;400L;400;19.01;active
KAYAPA;47;1794;400L;400;83.42;active
KAYAPA;47;1795;400L;400;38.79;active
KAYAPA;47;1796;400L;400;57.33;active
KAYAPA;47;1797;400L;400;40.99;active
KAYAPA;47;1798;400L;400;24.84;active
KAYAPA;47;1799;400L;400;41.54;active
KAYAPA;47;1800;400L;400;15.32;active
KAYAPA;47;1801;400L;400;59.32;active
KAYAPA;47;1802;400L;400;14.82;active
KAYAPA;47;1803;400L;400;63.8;active
KAYAPA;47;1804;400L;400;34.25;active
KAYAPA;47;1805;400L;400;27.41;active
KAYAPA;47;1806;400L;400;48.57;active
KAYAPA;47;1807;400L;400;70.03;active
KAYAPA;47;1808;400L;400;12.62;active
KAYAPA;47;1809;400L;400;22.71;active
KAYAPA;47;1810;400L;400;30.89;active
KAYAPA;47;1811;400L;400;64.4;active
KAYAPA;47;1812;PLASTİK;60;20.05;active
KAYAPA;47;1813;PLASTİK;60;12.85;active
KAYAPA;47;1814;PLASTİK;60;38.06;active
KAYAPA;47;1815;PLASTİK;60;18.62;active
KAYAPA;47;1816;PLASTİK;60;39.93;active
KAYAPA;47;1817;PLASTİK;60;25.19;active
KAYAPA;47;1818;PLASTİK;60;21.47;active
KAYAPA;47;1819;PLASTİK;60;30.67;active
KIZILCIKLI;48;1820;YERALTI;1100;11.42;active
KIZILCIKLI;48;1821;YERALTI;1100;79.74;active
KIZILCIKLI;48;1822;770L;770;28.38;active
KIZILCIKLI;48;1823;770L;770;54.89;active
KIZILCIKLI;48;1824;770L;770;53.97;active
KIZILCIKLI;48;1825;770L;770;27.18;active
KIZILCIKLI;48;1826;400L;400;31.13;active
KIZILCIKLI;48;1827;400L;400;62.15;active
KIZILCIKLI;48;1828;400L;400;28.04;active
KIZILCIKLI;48;1829;400L;400;24.8;active
KIZILCIKLI;48;1830;400L;400;37.53;active
KIZILCIKLI;48;1831;400L;400;17.73;active
KIZILCIKLI;48;1832;400L;400;56.03;active
KIZILCIKLI;48;1833;400L;400;91.19;active
KIZILCIKLI;48;1834;400L;400;36.36;active
KIZILCIKLI;48;1835;400L;400;60.22;active
KIZILCIKLI;48;1836;400L;400;21.72;active
KIZILCIKLI;48;1837;400L;400;36.55;active
KIZILCIKLI;48;1838;400L;400;14.73;active
KIZILCIKLI;48;1839;400L;400;29.97;active
KIZILCIKLI;48;1840;400L;400;37.2;active
KIZILCIKLI;48;1841;400L;400;31.0;active
KIZILCIKLI;48;1842;400L;400;27.44;active
KIZILCIKLI;48;1843;400L;400;69.31;active
KIZILCIKLI;48;1844;400L;400;44.58;active
KIZILCIKLI;48;1845;400L;400;34.69;active
KIZILCIKLI;48;1846;400L;400;19.82;active
KIZILCIKLI;48;1847;400L;400;26.71;active
KIZILCIKLI;48;1848;400L;400;18.58;active
KIZILCIKLI;48;1849;400L;400;21.5;active
KIZILCIKLI;48;1850;400L;400;61.4;active
KIZILCIKLI;48;1851;400L;400;40.06;active
KIZILCIKLI;48;1852;400L;400;23.35;active
KIZILCIKLI;48;1853;400L;400;13.7;active
KIZILCIKLI;48;1854;400L;400;39.27;active
KIZILCIKLI;48;1855;400L;400;22.55;active
KIZILCIKLI;48;1856;400L;400;17.77;active
KIZILCIKLI;48;1857;400L;400;45.3;active
KIZILCIKLI;48;1858;400L;400;22.22;active
KIZILCIKLI;48;1859;400L;400;15.66;active
KIZILCIKLI;48;1860;400L;400;19.11;active
KIZILCIKLI;48;1861;400L;400;15.92;active
KIZILCIKLI;48;1862;400L;400;45.15;active
KIZILCIKLI;48;1863;400L;400;18.08;active
KIZILCIKLI;48;1864;400L;400;32.31;active
KIZILCIKLI;48;1865;400L;400;34.09;active
KIZILCIKLI;48;1866;PLASTİK;60;22.3;active
KIZILCIKLI;48;1867;PLASTİK;60;46.48;active
KONAK;50;1870;400L;400;28.48;active
KONAK;50;1871;400L;400;17.75;active
KONAK;50;1872;400L;400;17.65;active
KONAK;50;1873;400L;400;28.88;active
KONAK;50;1874;400L;400;59.9;active
KONAK;50;1875;400L;400;47.84;active
KONAK;50;1876;400L;400;50.6;active
KONAK;50;1877;400L;400;52.72;active
KONAK;50;1878;400L;400;25.98;active
KONAK;50;1879;400L;400;27.61;active
KONAK;50;1880;400L;400;56.62;active
KONAK;50;1881;400L;400;83.55;active
KONAK;50;1882;400L;400;10.78;active
KONAK;50;1883;400L;400;13.09;active
KONAK;50;1884;400L;400;14.23;active
KONAK;50;1885;400L;400;34.52;active
KONAK;50;1886;400L;400;14.4;active
KONAK;50;1887;400L;400;28.99;active
KONAK;50;1888;400L;400;28.32;active
KONAK;50;1889;400L;400;18.6;active
KONAK;50;1890;400L;400;11.05;active
KONAK;50;1891;400L;400;75.54;active
KONAK;50;1892;400L;400;25.69;active
KONAK;50;1893;400L;400;30.95;active
KONAK;50;1894;400L;400;28.93;active
KONAK;50;1895;400L;400;92.26;active
KONAK;50;1896;400L;400;31.39;active
KONAK;50;1897;400L;400;32.34;active
KONAK;50;1898;400L;400;18.87;active
KONAK;50;1899;400L;400;32.74;active
KONAK;50;1900;400L;400;59.18;active
KONAK;50;1901;400L;400;39.15;active
KONAK;50;1902;400L;400;41.72;active
KONAK;50;1903;400L;400;21.82;active
KONAK;50;1904;400L;400;55.82;active
KONAK;50;1905;400L;400;25.41;active
KONAK;50;1906;400L;400;33.61;active
KONAK;50;1907;400L;400;20.82;active
KONAK;50;1908;400L;400;59.39;active
KONAK;50;1909;400L;400;63.99;active
KONAK;50;1910;400L;400;10.44;active
KONAK;50;1911;400L;400;55.97;active
KONAK;50;1912;400L;400;12.96;active
KONAK;50;1913;400L;400;10.14;active
KONAK;50;1914;400L;400;34.97;active
KONAK;50;1915;400L;400;13.9;active
KONAK;50;1916;400L;400;36.99;active
KONAK;50;1917;400L;400;28.24;active
KONAK;50;1918;400L;400;10.38;active
KONAK;50;1919;400L;400;38.49;active
KONAK;50;1920;400L;400;15.89;active
KONAK;50;1921;400L;400;23.64;active
KONAK;50;1922;400L;400;32.06;active
KONAK;50;1923;400L;400;10.24;active
KONAK;50;1924;400L;400;54.96;active
KONAK;50;1925;400L;400;64.04;active
KONAK;50;1926;400L;400;59.82;active
KONAK;50;1927;400L;400;33.7;active
KONAK;50;1928;400L;400;21.58;active
KONAK;50;1929;400L;400;41.48;active
KONAK;50;1930;400L;400;12.88;active
KONAK;50;1931;400L;400;26.41;active
KONAK;50;1932;400L;400;25.5;active
KONAK;50;1933;400L;400;19.26;active
KONAK;50;1934;400L;400;17.01;active
KONAK;50;1935;400L;400;12.38;active
KONAK;50;1936;400L;400;59.99;active
KONAK;50;1937;400L;400;85.58;active
KONAK;50;1938;400L;400;68.83;active
KONAK;50;1939;400L;400;63.98;active
KONAK;50;1940;400L;400;16.71;active
KONAK;50;1941;400L;400;15.07;active
KONAK;50;1942;400L;400;28.29;active
KONAK;50;1943;400L;400;62.56;active
KONAK;50;1944;400L;400;26.34;active
KONAK;50;1945;400L;400;64.83;active
KONAK;50;1946;400L;400;32.54;active
KONAK;50;1947;400L;400;18.46;active
KONAK;50;1948;400L;400;30.57;active
KONAK;50;1949;400L;400;62.23;active
KONAK;50;1950;400L;400;36.67;active
KONAK;50;1951;400L;400;13.9;active
KONAK;50;1952;400L;400;23.46;active
KONAK;50;1953;400L;400;32.78;active
KONAK;50;1954;400L;400;23.98;active
KONAK;50;1955;400L;400;38.4;active
KONAK;50;1956;PLASTİK;60;30.16;active
KONAK;50;1957;PLASTİK;60;60.54;active
KONAK;50;1958;PLASTİK;60;16.58;active
KONAK;50;1959;PLASTİK;60;55.86;active
KONAK;50;1960;PLASTİK;60;42.49;active
KONAK;50;1961;PLASTİK;60;17.93;active
KONAK;50;1962;PLASTİK;60;90.29;active
KONAK;50;1963;PLASTİK;60;13.14;active
KONAK;50;1964;PLASTİK;60;34.88;active
KONAK;50;1965;PLASTİK;60;53.62;active
KONAK;50;1966;PLASTİK;60;47.98;active
KONAK;50;1967;PLASTİK;60;50.6;active
KONAK;50;1968;PLASTİK;60;33.43;active
KONAK;50;1969;PLASTİK;60;26.83;active
KONAK;50;1970;PLASTİK;60;19.14;active
KONAK;50;1971;PLASTİK;60;55.32;active
KONAK;50;1972;PLASTİK;60;18.23;active
KONAK;50;1973;PLASTİK;60;45.76;active
KONAK;50;1974;PLASTİK;60;34.51;active
KONAK;50;1975;PLASTİK;60;83.47;active
KONAK;50;1976;PLASTİK;60;34.62;active
KONAK;50;1977;PLASTİK;60;84.63;active
KONAK;50;1978;PLASTİK;60;46.94;active
KONAK;50;1979;PLASTİK;60;94.63;active
KONAK;50;1980;PLASTİK;60;52.33;active
KONAK;50;1981;PLASTİK;60;74.02;active
KONAK;50;1982;PLASTİK;60;13.16;active
KONAK;50;1983;PLASTİK;60;11.62;active
KONAK;50;1984;PLASTİK;60;37.11;active
KONAK;50;1985;PLASTİK;60;16.55;active
KONAK;50;1986;PLASTİK;60;17.78;active
KONAK;50;1987;PLASTİK;60;10.93;active
KONAK;50;1988;PLASTİK;60;26.04;active
KONAK;50;1989;PLASTİK;60;15.03;active
KONAK;50;1990;PLASTİK;60;63.45;active
KONAK;50;1991;PLASTİK;60;24.44;active
KONAK;50;1992;PLASTİK;60;36.46;active
KONAK;50;1993;PLASTİK;60;29.09;active
KONAK;50;1994;PLASTİK;60;64.63;active
KONAK;50;1995;PLASTİK;60;27.4;active
KONAK;50;1996;PLASTİK;60;39.56;active
KONAK;50;1997;PLASTİK;60;20.05;active
KONAK;50;1998;PLASTİK;60;28.69;active
KONAK;50;1999;PLASTİK;60;23.77;active
KONAK;50;2000;PLASTİK;60;64.54;active
KONAK;50;2001;PLASTİK;60;53.01;active
KONAK;50;2002;PLASTİK;60;58.72;active
KONAK;50;2003;PLASTİK;60;90.21;active
KONAKLI;51;2004;400L;400;16.8;active
KONAKLI;51;2005;400L;400;35.38;active
KONAKLI;51;2006;400L;400;15.62;active
KONAKLI;51;2007;400L;400;33.13;active
KONAKLI;51;2008;400L;400;19.24;active
KONAKLI;51;2009;400L;400;11.87;active
KONAKLI;51;2010;400L;400;16.92;active
KONAKLI;51;2011;400L;400;31.62;active
KONAKLI;51;2012;400L;400;24.72;active
KONAKLI;51;2013;400L;400;70.97;active
KONAKLI;51;2014;400L;400;29.65;active
KONAKLI;51;2015;400L;400;51.54;active
KORUBAŞI;49;1868;400L;400;42.82;active
KORUBAŞI;49;1869;400L;400;78.58;active
KURTULUŞ;53;2017;400L;400;17.07;active
KURTULUŞ;53;2018;400L;400;40.34;active
KURTULUŞ;53;2019;400L;400;33.65;active
KURTULUŞ;53;2020;400L;400;88.04;active
KURTULUŞ;53;2021;400L;400;18.68;active
KURTULUŞ;53;2022;400L;400;59.12;active
KURTULUŞ;53;2023;400L;400;85.31;active
KURTULUŞ;53;2024;400L;400;18.25;active
KURTULUŞ;53;2025;400L;400;29.17;active
KURTULUŞ;53;2026;400L;400;34.23;active
KURTULUŞ;53;2027;400L;400;61.3;active
KURTULUŞ;53;2028;400L;400;63.43;active
KURTULUŞ;53;2029;400L;400;79.06;active
KURTULUŞ;53;2030;400L;400;67.39;active
KURTULUŞ;53;2031;400L;400;79.28;active
KURTULUŞ;53;2032;400L;400;41.5;active
KURTULUŞ;53;2033;400L;400;30.29;active
KURTULUŞ;53;2034;400L;400;39.63;active
KURTULUŞ;53;2035;400L;400;86.05;active
KURUÇEŞME;52;2016;400L;400;40.1;active
KÜLTÜR;54;2036;770L;770;26.64;active
KÜLTÜR;54;2037;400L;400;80.07;active
KÜLTÜR;54;2038;400L;400;62.97;active
KÜLTÜR;54;2039;400L;400;17.07;active
KÜLTÜR;54;2040;400L;400;54.55;active
KÜLTÜR;54;2041;400L;400;49.05;active
KÜLTÜR;54;2042;400L;400;11.14;active
KÜLTÜR;54;2043;400L;400;26.21;active
KÜLTÜR;54;2044;400L;400;10.84;active
KÜLTÜR;54;2045;400L;400;23.51;active
KÜLTÜR;54;2046;400L;400;13.64;active
KÜLTÜR;54;2047;400L;400;45.97;active
KÜLTÜR;54;2048;400L;400;44.32;active
KÜLTÜR;54;2049;400L;400;19.43;active
KÜLTÜR;54;2050;400L;400;26.13;active
KÜLTÜR;54;2051;400L;400;22.4;active
KÜLTÜR;54;2052;400L;400;15.28;active
KÜLTÜR;54;2053;400L;400;17.42;active
KÜLTÜR;54;2054;400L;400;31.15;active
KÜLTÜR;54;2055;400L;400;50.81;active
KÜLTÜR;54;2056;400L;400;36.19;active
KÜLTÜR;54;2057;400L;400;32.82;active
KÜLTÜR;54;2058;400L;400;64.77;active
KÜLTÜR;54;2059;400L;400;33.51;active
KÜLTÜR;54;2060;400L;400;26.89;active
KÜLTÜR;54;2061;400L;400;11.18;active
KÜLTÜR;54;2062;400L;400;20.37;active
KÜLTÜR;54;2063;400L;400;24.34;active
KÜLTÜR;54;2064;400L;400;28.71;active
KÜLTÜR;54;2065;400L;400;33.75;active
KÜLTÜR;54;2066;400L;400;50.77;active
KÜLTÜR;54;2067;400L;400;56.49;active
KÜLTÜR;54;2068;400L;400;16.96;active
KÜLTÜR;54;2069;400L;400;51.54;active
KÜLTÜR;54;2070;400L;400;55.06;active
KÜLTÜR;54;2071;400L;400;22.05;active
KÜLTÜR;54;2072;400L;400;28.22;active
KÜLTÜR;54;2073;400L;400;27.56;active
KÜLTÜR;54;2074;400L;400;20.33;active
KÜLTÜR;54;2075;400L;400;25.97;active
KÜLTÜR;54;2076;400L;400;26.15;active
KÜLTÜR;54;2077;400L;400;55.14;active
KÜLTÜR;54;2078;400L;400;10.56;active
KÜLTÜR;54;2079;400L;400;46.85;active
KÜLTÜR;54;2080;400L;400;44.04;active
KÜLTÜR;54;2081;400L;400;34.15;active
KÜLTÜR;54;2082;400L;400;10.84;active
KÜLTÜR;54;2083;400L;400;54.03;active
KÜLTÜR;54;2084;400L;400;64.92;active
KÜLTÜR;54;2085;400L;400;71.15;active
KÜLTÜR;54;2086;400L;400;26.56;active
KÜLTÜR;54;2087;400L;400;19.72;active
KÜLTÜR;54;2088;400L;400;16.74;active
KÜLTÜR;54;2089;400L;400;69.56;active
KÜLTÜR;54;2090;400L;400;28.0;active
KÜLTÜR;54;2091;PLASTİK;60;12.76;active
KÜLTÜR;54;2092;PLASTİK;60;10.53;active
KÜLTÜR;54;2093;PLASTİK;60;33.35;active
KÜLTÜR;54;2094;PLASTİK;60;61.58;active
KÜLTÜR;54;2095;PLASTİK;60;30.6;active
KÜLTÜR;54;2096;PLASTİK;60;38.15;active
KÜLTÜR;54;2097;PLASTİK;60;13.34;active
KÜLTÜR;54;2098;PLASTİK;60;64.98;active
KÜLTÜR;54;2099;PLASTİK;60;79.64;active
KÜLTÜR;54;2100;PLASTİK;60;63.22;active
KÜLTÜR;54;2101;PLASTİK;60;34.14;active
KÜLTÜR;54;2102;PLASTİK;60;27.89;active
KÜLTÜR;54;2103;PLASTİK;60;21.38;active
KÜLTÜR;54;2104;PLASTİK;60;20.72;active
KÜLTÜR;54;2105;PLASTİK;60;12.54;active
KÜLTÜR;54;2106;PLASTİK;60;15.09;active
KÜLTÜR;54;2107;PLASTİK;60;48.72;active
KÜLTÜR;54;2108;PLASTİK;60;19.81;active
KÜLTÜR;54;2109;PLASTİK;60;47.92;active
KÜLTÜR;54;2110;PLASTİK;60;64.04;active
KÜLTÜR;54;2111;PLASTİK;60;45.88;active
KÜLTÜR;54;2112;PLASTİK;60;26.98;active
KÜLTÜR;54;2113;PLASTİK;60;19.31;active
KÜLTÜR;54;2114;PLASTİK;60;46.85;active
KÜLTÜR;54;2115;PLASTİK;60;27.54;active
KÜLTÜR;54;2116;PLASTİK;60;41.15;active
KÜLTÜR;54;2117;PLASTİK;60;55.75;active
KÜLTÜR;54;2118;PLASTİK;60;10.9;active
KÜLTÜR;54;2119;PLASTİK;60;13.96;active
KÜLTÜR;54;2120;PLASTİK;60;29.09;active
MAKSEMPINAR;55;2121;400L;400;20.35;active
MAKSEMPINAR;55;2122;400L;400;30.38;active
MAKSEMPINAR;55;2123;400L;400;13.77;active
MAKSEMPINAR;55;2124;400L;400;94.44;active
MİNARELİÇAVUŞ;56;2125;400L;400;30.28;active
MİNARELİÇAVUŞ;56;2126;400L;400;19.92;active
MİNARELİÇAVUŞ;56;2127;400L;400;51.89;active
MİNARELİÇAVUŞ;56;2128;400L;400;93.71;active
MİNARELİÇAVUŞ;56;2129;400L;400;26.55;active
MİNARELİÇAVUŞ;56;2130;400L;400;40.11;active
MİNARELİÇAVUŞ;56;2131;400L;400;78.17;active
MİNARELİÇAVUŞ;56;2132;400L;400;13.16;active
MİNARELİÇAVUŞ;56;2133;400L;400;56.36;active
MİNARELİÇAVUŞ;56;2134;400L;400;53.17;active
MİNARELİÇAVUŞ;56;2135;400L;400;63.24;active
MİNARELİÇAVUŞ;56;2136;400L;400;57.52;active
MİNARELİÇAVUŞ;56;2137;400L;400;58.96;active
MİNARELİÇAVUŞ;56;2138;400L;400;14.59;active
MİNARELİÇAVUŞ;56;2139;400L;400;33.03;active
MİNARELİÇAVUŞ;56;2140;400L;400;13.68;active
MİNARELİÇAVUŞ;56;2141;400L;400;17.23;active
MİNARELİÇAVUŞ;56;2142;400L;400;13.22;active
MİNARELİÇAVUŞ;56;2143;400L;400;17.31;active
MİNARELİÇAVUŞ;56;2144;400L;400;34.24;active
MİNARELİÇAVUŞ;56;2145;400L;400;32.47;active
MİNARELİÇAVUŞ;56;2146;PLASTİK;60;20.53;active
MİNARELİÇAVUŞ;56;2147;PLASTİK;60;27.95;active
MİNARELİÇAVUŞ;56;2148;PLASTİK;60;14.15;active
MİNARELİÇAVUŞ;56;2149;PLASTİK;60;33.23;active
MİNARELİÇAVUŞ;56;2150;PLASTİK;60;41.12;active
MİNARELİÇAVUŞ;56;2151;PLASTİK;60;32.12;active
MİNARELİÇAVUŞ;56;2152;PLASTİK;60;14.87;active
MİNARELİÇAVUŞ;56;2153;PLASTİK;60;59.55;active
MİNARELİÇAVUŞ;56;2154;PLASTİK;60;33.46;active
MİNARELİÇAVUŞ;56;2155;PLASTİK;60;44.68;active
MİNARELİÇAVUŞ;56;2156;PLASTİK;60;41.05;active
MİNARELİÇAVUŞ;56;2157;PLASTİK;60;47.11;active
MİNARELİÇAVUŞ;56;2158;PLASTİK;60;86.62;active
MİNARELİÇAVUŞ;56;2159;PLASTİK;60;26.06;active
MİNARELİÇAVUŞ;56;2160;PLASTİK;60;11.28;active
MİNARELİÇAVUŞ;56;2161;PLASTİK;60;13.87;active
MİNARELİÇAVUŞ;56;2162;PLASTİK;60;24.46;active
MİNARELİÇAVUŞ;56;2163;PLASTİK;60;61.01;active
MİNARELİÇAVUŞ;56;2164;PLASTİK;60;29.36;active
MİNARELİÇAVUŞ;56;2165;PLASTİK;60;33.17;active
MİNARELİÇAVUŞ;56;2166;PLASTİK;60;44.82;active
MİNARELİÇAVUŞ;56;2167;PLASTİK;60;26.96;active
MİNARELİÇAVUŞ;56;2168;PLASTİK;60;47.84;active
MİNARELİÇAVUŞ;56;2169;PLASTİK;60;33.91;active
MİNARELİÇAVUŞ;56;2170;PLASTİK;60;24.42;active
MİNARELİÇAVUŞ;56;2171;PLASTİK;60;28.26;active
MİNARELİÇAVUŞ;56;2172;PLASTİK;60;15.42;active
MİNARELİÇAVUŞ;56;2173;PLASTİK;60;11.76;active
MİNARELİÇAVUŞ;56;2174;PLASTİK;60;61.63;active
MİNARELİÇAVUŞ;56;2175;PLASTİK;60;26.27;active
MİNARELİÇAVUŞ;56;2176;PLASTİK;60;18.2;active
MİNARELİÇAVUŞ;56;2177;PLASTİK;60;27.99;active
MİNARELİÇAVUŞ;56;2178;PLASTİK;60;15.59;active
MİNARELİÇAVUŞ;56;2179;PLASTİK;60;18.83;active
MİNARELİÇAVUŞ;56;2180;PLASTİK;60;16.99;active
MİNARELİÇAVUŞ;56;2181;PLASTİK;60;23.88;active
MİNARELİÇAVUŞ;56;2182;PLASTİK;60;82.4;active
MİNARELİÇAVUŞ;56;2183;PLASTİK;60;41.35;active
MİNARELİÇAVUŞ;56;2184;PLASTİK;60;23.53;active
MİNARELİÇAVUŞ;56;2185;PLASTİK;60;70.12;active
ODUNLUK;57;2186;770L;770;51.41;active
ODUNLUK;57;2187;770L;770;52.27;active
ODUNLUK;57;2188;770L;770;20.95;active
ODUNLUK;57;2189;770L;770;17.35;active
ODUNLUK;57;2190;770L;770;48.7;active
ODUNLUK;57;2191;770L;770;61.24;active
ODUNLUK;57;2192;770L;770;11.16;active
ODUNLUK;57;2193;770L;770;70.97;active
ODUNLUK;57;2194;770L;770;60.88;active
ODUNLUK;57;2195;400L;400;27.23;active
ODUNLUK;57;2196;400L;400;22.1;active
ODUNLUK;57;2197;400L;400;17.52;active
ODUNLUK;57;2198;400L;400;26.03;active
ODUNLUK;57;2199;400L;400;22.22;active
ODUNLUK;57;2200;400L;400;61.15;active
ODUNLUK;57;2201;400L;400;17.19;active
ODUNLUK;57;2202;400L;400;20.35;active
ODUNLUK;57;2203;400L;400;46.51;active
ODUNLUK;57;2204;400L;400;14.48;active
ODUNLUK;57;2205;400L;400;12.57;active
ODUNLUK;57;2206;400L;400;27.82;active
ODUNLUK;57;2207;400L;400;15.19;active
ODUNLUK;57;2208;400L;400;10.2;active
ODUNLUK;57;2209;400L;400;92.57;active
ODUNLUK;57;2210;400L;400;52.12;active
ODUNLUK;57;2211;400L;400;49.96;active
ODUNLUK;57;2212;400L;400;32.26;active
ODUNLUK;57;2213;400L;400;21.26;active
ODUNLUK;57;2214;400L;400;86.4;active
ODUNLUK;57;2215;400L;400;15.9;active
ODUNLUK;57;2216;400L;400;44.75;active
ODUNLUK;57;2217;400L;400;11.97;active
ODUNLUK;57;2218;400L;400;16.0;active
ODUNLUK;57;2219;400L;400;28.56;active
ODUNLUK;57;2220;400L;400;21.9;active
ODUNLUK;57;2221;400L;400;17.06;active
ODUNLUK;57;2222;400L;400;22.7;active
ODUNLUK;57;2223;400L;400;42.46;active
ODUNLUK;57;2224;400L;400;20.24;active
ODUNLUK;57;2225;400L;400;59.74;active
ODUNLUK;57;2226;400L;400;53.97;active
ODUNLUK;57;2227;400L;400;37.94;active
ODUNLUK;57;2228;400L;400;26.62;active
ODUNLUK;57;2229;400L;400;33.31;active
ODUNLUK;57;2230;400L;400;29.05;active
ODUNLUK;57;2231;400L;400;38.91;active
ODUNLUK;57;2232;400L;400;24.67;active
ODUNLUK;57;2233;400L;400;76.1;active
ODUNLUK;57;2234;400L;400;52.55;active
ODUNLUK;57;2235;400L;400;45.1;active
ODUNLUK;57;2236;400L;400;38.2;active
ODUNLUK;57;2237;400L;400;52.66;active
ODUNLUK;57;2238;400L;400;19.75;active
ODUNLUK;57;2239;400L;400;13.48;active
ODUNLUK;57;2240;400L;400;57.71;active
ODUNLUK;57;2241;400L;400;86.7;active
ODUNLUK;57;2242;400L;400;14.19;active
ODUNLUK;57;2243;400L;400;57.48;active
ODUNLUK;57;2244;400L;400;59.53;active
ODUNLUK;57;2245;400L;400;59.46;active
ODUNLUK;57;2246;400L;400;54.77;active
ODUNLUK;57;2247;PLASTİK;60;21.6;active
ODUNLUK;57;2248;PLASTİK;60;20.02;active
ODUNLUK;57;2249;PLASTİK;60;26.51;active
ODUNLUK;57;2250;PLASTİK;60;62.88;active
ODUNLUK;57;2251;PLASTİK;60;16.35;active
ODUNLUK;57;2252;PLASTİK;60;33.53;active
ODUNLUK;57;2253;PLASTİK;60;44.03;active
ODUNLUK;57;2254;PLASTİK;60;34.17;active
ODUNLUK;57;2255;PLASTİK;60;91.82;active
ODUNLUK;57;2256;PLASTİK;60;27.93;active
ODUNLUK;57;2257;PLASTİK;60;94.04;active
ODUNLUK;57;2258;PLASTİK;60;47.92;active
ODUNLUK;57;2259;PLASTİK;60;49.79;active
ODUNLUK;57;2260;PLASTİK;60;31.29;active
ODUNLUK;57;2261;PLASTİK;60;14.2;active
ODUNLUK;57;2262;PLASTİK;60;27.81;active
ODUNLUK;57;2263;PLASTİK;60;50.34;active
ODUNLUK;57;2264;PLASTİK;60;26.16;active
ODUNLUK;57;2265;PLASTİK;60;32.35;active
ODUNLUK;57;2266;PLASTİK;60;18.83;active
ODUNLUK;57;2267;PLASTİK;60;23.21;active
ODUNLUK;57;2268;PLASTİK;60;28.16;active
ODUNLUK;57;2269;PLASTİK;60;24.52;active
ODUNLUK;57;2270;PLASTİK;60;49.9;active
ODUNLUK;57;2271;PLASTİK;60;22.34;active
ODUNLUK;57;2272;PLASTİK;60;51.38;active
ODUNLUK;57;2273;PLASTİK;60;66.89;active
ODUNLUK;57;2274;PLASTİK;60;40.69;active
ODUNLUK;57;2275;PLASTİK;60;24.11;active
ODUNLUK;57;2276;PLASTİK;60;18.7;active
ODUNLUK;57;2277;PLASTİK;60;87.53;active
ODUNLUK;57;2278;PLASTİK;60;27.72;active
ODUNLUK;57;2279;PLASTİK;60;21.25;active
ODUNLUK;57;2280;PLASTİK;60;11.47;active
ODUNLUK;57;2281;PLASTİK;60;41.55;active
ODUNLUK;57;2282;PLASTİK;60;58.41;active
ODUNLUK;57;2283;PLASTİK;60;10.43;active
ODUNLUK;57;2284;PLASTİK;60;15.09;active
ODUNLUK;57;2285;PLASTİK;60;33.23;active
ODUNLUK;57;2286;PLASTİK;60;34.53;active
TAHTALI;59;2313;400L;400;16.8;active
TAHTALI;59;2314;400L;400;56.99;active
TAHTALI;59;2315;400L;400;75.32;active
TAHTALI;59;2316;400L;400;20.51;active
TAHTALI;59;2317;400L;400;33.59;active
TAHTALI;59;2318;400L;400;17.29;active
TAHTALI;59;2319;400L;400;41.54;active
TAHTALI;59;2320;400L;400;39.52;active
TAHTALI;59;2321;400L;400;27.62;active
TAHTALI;59;2322;PLASTİK;60;15.73;active
UNÇUKURU;60;2323;400L;400;22.65;active
UNÇUKURU;60;2324;400L;400;18.08;active
UNÇUKURU;60;2325;400L;400;31.74;active
UNÇUKURU;60;2326;400L;400;25.2;active
UNÇUKURU;60;2327;400L;400;34.7;active
YAYLACIK;64;2429;400L;400;23.75;active
YAYLACIK;64;2430;400L;400;59.17;active
YAYLACIK;64;2431;400L;400;74.2;active
YAYLACIK;64;2432;400L;400;26.9;active
YAYLACIK;64;2433;400L;400;64.39;active
YAYLACIK;64;2434;400L;400;25.35;active
YAYLACIK;64;2435;400L;400;33.99;active
YAYLACIK;64;2436;400L;400;28.41;active
YAYLACIK;64;2437;400L;400;49.12;active
YAYLACIK;64;2438;400L;400;54.88;active
YAYLACIK;64;2439;400L;400;53.95;active
YAYLACIK;64;2440;400L;400;19.19;active
YAYLACIK;64;2441;400L;400;21.83;active
YAYLACIK;64;2442;400L;400;17.82;active
YAYLACIK;64;2443;400L;400;23.47;active
YAYLACIK;64;2444;400L;400;64.99;active
YAYLACIK;64;2445;400L;400;39.46;active
YAYLACIK;64;2446;400L;400;45.86;active
YAYLACIK;64;2447;400L;400;22.89;active
YAYLACIK;64;2448;400L;400;81.69;active
YAYLACIK;64;2449;PLASTİK;60;28.55;active
YAYLACIK;64;2450;PLASTİK;60;31.86;active
YAYLACIK;64;2451;PLASTİK;60;63.37;active
YAYLACIK;64;2452;PLASTİK;60;34.39;active
YAYLACIK;64;2453;PLASTİK;60;17.56;active
YAYLACIK;64;2454;PLASTİK;60;23.11;active
YAYLACIK;64;2455;PLASTİK;60;20.72;active
YAYLACIK;64;2456;PLASTİK;60;19.65;active
YAYLACIK;64;2457;PLASTİK;60;10.5;active
YAYLACIK;64;2458;PLASTİK;60;70.88;active
YAYLACIK;64;2459;PLASTİK;60;21.6;active
YAYLACIK;64;2460;PLASTİK;60;22.4;active
YAYLACIK;64;2461;PLASTİK;60;28.27;active
YAYLACIK;64;2462;PLASTİK;60;25.81;active
YAYLACIK;64;2463;PLASTİK;60;42.01;active
YAYLACIK;64;2464;PLASTİK;60;68.55;active
YAYLACIK;64;2465;PLASTİK;60;16.84;active
YOLÇATI;65;2466;400L;400;28.84;active
YOLÇATI;65;2467;400L;400;19.43;active
YOLÇATI;65;2468;400L;400;58.66;active
YOLÇATI;65;2469;400L;400;15.01;active
YOLÇATI;65;2470;400L;400;32.98;active
YOLÇATI;65;2471;400L;400;31.37;active
YOLÇATI;65;2472;400L;400;33.68;active
YOLÇATI;65;2473;400L;400;64.73;active
YOLÇATI;65;2474;400L;400;48.0;active
YOLÇATI;65;2475;400L;400;34.93;active
YOLÇATI;65;2476;400L;400;20.5;active
YOLÇATI;65;2477;PLASTİK;60;62.34;active
YOLÇATI;65;2478;PLASTİK;60;23.58;active
YOLÇATI;65;2479;PLASTİK;60;13.48;active
YOLÇATI;65;2480;PLASTİK;60;38.6;active
YOLÇATI;65;2481;PLASTİK;60;26.87;active
YOLÇATI;65;2482;PLASTİK;60;12.32;active
YOLÇATI;65;2483;PLASTİK;60;13.94;active
YOLÇATI;65;2484;PLASTİK;60;18.87;active
YOLÇATI;65;2485;PLASTİK;60;71.48;active
YOLÇATI;65;2486;PLASTİK;60;54.91;active
YOLÇATI;65;2487;PLASTİK;60;73.51;active
YOLÇATI;65;2488;PLASTİK;60;82.45;active
YOLÇATI;65;2489;PLASTİK;60;29.84;active
YOLÇATI;65;2490;PLASTİK;60;33.78;active
YOLÇATI;65;2491;PLASTİK;60;25.25;active
YOLÇATI;65;2492;PLASTİK;60;19.48;active
YOLÇATI;65;2493;PLASTİK;60;42.6;active
YOLÇATI;65;2494;PLASTİK;60;15.04;active
YOLÇATI;65;2495;PLASTİK;60;24.62;active
YOLÇATI;65;2496;PLASTİK;60;47.01;active
YOLÇATI;65;2497;PLASTİK;60;20.34;active
YOLÇATI;65;2498;PLASTİK;60;26.51;active
YOLÇATI;65;2499;PLASTİK;60;31.52;active
YOLÇATI;65;2500;PLASTİK;60;14.08;active
YOLÇATI;65;2501;PLASTİK;60;20.68;active
YOLÇATI;65;2502;PLASTİK;60;30.26;active
YOLÇATI;65;2503;PLASTİK;60;27.32;active
YOLÇATI;65;2504;PLASTİK;60;14.71;active
YOLÇATI;65;2505;PLASTİK;60;22.88;active
YOLÇATI;65;2506;PLASTİK;60;66.53;active
YOLÇATI;65;2507;PLASTİK;60;17.01;active
YOLÇATI;65;2508;PLASTİK;60;18.97;active
YOLÇATI;65;2509;PLASTİK;60;42.71;active
YOLÇATI;65;2510;PLASTİK;60;47.51;active
YOLÇATI;65;2511;PLASTİK;60;75.45;active
YOLÇATI;65;2512;PLASTİK;60;40.93;active
YOLÇATI;65;2513;PLASTİK;60;34.53;active
YOLÇATI;65;2514;PLASTİK;60;40.13;active
YOLÇATI;65;2515;PLASTİK;60;25.61;active
YOLÇATI;65;2516;PLASTİK;60;29.16;active
YOLÇATI;65;2517;PLASTİK;60;93.94;active
YOLÇATI;65;2518;PLASTİK;60;47.37;active
YOLÇATI;65;2519;PLASTİK;60;10.61;active
YOLÇATI;65;2520;PLASTİK;60;61.95;active
YOLÇATI;65;2521;PLASTİK;60;71.72;active
YOLÇATI;65;2522;PLASTİK;60;15.14;active
YOLÇATI;65;2523;PLASTİK;60;31.51;active
YOLÇATI;65;2524;PLASTİK;60;39.21;active
YOLÇATI;65;2525;PLASTİK;60;43.41;active
YOLÇATI;65;2526;PLASTİK;60;28.2;active
YOLÇATI;65;2527;PLASTİK;60;19.9;active
YOLÇATI;65;2528;PLASTİK;60;56.15;active
YOLÇATI;65;2529;PLASTİK;60;31.9;active
YOLÇATI;65;2530;PLASTİK;60;29.03;active
YOLÇATI;65;2531;PLASTİK;60;15.15;active
YOLÇATI;65;2532;PLASTİK;60;29.06;active
YOLÇATI;65;2533;PLASTİK;60;30.98;active
YOLÇATI;65;2534;PLASTİK;60;37.54;active
YOLÇATI;65;2535;PLASTİK;60;84.53;active
YOLÇATI;65;2536;PLASTİK;60;18.67;active
YOLÇATI;65;2537;PLASTİK;60;25.97;active
YOLÇATI;65;2538;PLASTİK;60;47.4;active
YOLÇATI;65;2539;PLASTİK;60;86.15;active
YOLÇATI;65;2540;PLASTİK;60;29.23;active
YOLÇATI;65;2541;PLASTİK;60;33.8;active
YOLÇATI;65;2542;PLASTİK;60;63.41;active
YOLÇATI;65;2543;PLASTİK;60;50.45;active
YOLÇATI;65;2544;PLASTİK;60;55.04;active
YOLÇATI;65;2545;PLASTİK;60;13.67;active
YOLÇATI;65;2546;PLASTİK;60;85.59;active
YOLÇATI;65;2547;PLASTİK;60;66.81;active
YOLÇATI;65;2548;PLASTİK;60;17.26;active
YOLÇATI;65;2549;PLASTİK;60;57.81;active
YOLÇATI;65;2550;PLASTİK;60;49.54;active
YOLÇATI;65;2551;PLASTİK;60;15.0;active
YOLÇATI;65;2552;PLASTİK;60;52.33;active
YOLÇATI;65;2553;PLASTİK;60;12.53;active
YOLÇATI;65;2554;PLASTİK;60;12.29;active
YOLÇATI;65;2555;PLASTİK;60;44.77;active
YOLÇATI;65;2556;PLASTİK;60;20.6;active
YOLÇATI;65;2557;PLASTİK;60;28.87;active
YOLÇATI;65;2558;PLASTİK;60;63.07;active
YOLÇATI;65;2559;PLASTİK;60;33.15;active
YOLÇATI;65;2560;PLASTİK;60;10.41;active
YOLÇATI;65;2561;PLASTİK;60;24.34;active
YOLÇATI;65;2562;PLASTİK;60;56.34;active
YOLÇATI;65;2563;PLASTİK;60;10.58;active
YOLÇATI;65;2564;PLASTİK;60;58.49;active
YOLÇATI;65;2565;PLASTİK;60;52.17;active
YOLÇATI;65;2566;PLASTİK;60;16.81;active
YOLÇATI;65;2567;PLASTİK;60;53.6;active
ÇALI;21;880;770L;770;44.93;active
ÇALI;21;881;400L;400;12.98;active
ÇALI;21;882;400L;400;31.12;active
ÇALI;21;883;400L;400;43.29;active
ÇALI;21;884;400L;400;69.21;active
ÇALI;21;885;400L;400;42.55;active
ÇALI;21;886;400L;400;58.4;active
ÇALI;21;887;400L;400;11.5;active
ÇALI;21;888;400L;400;15.05;active
ÇALI;21;889;400L;400;55.23;active
ÇALI;21;890;400L;400;56.22;active
ÇALI;21;891;400L;400;73.48;active
ÇALI;21;892;400L;400;30.43;active
ÇALI;21;893;400L;400;40.18;active
ÇALI;21;894;400L;400;14.44;active
ÇALI;21;895;400L;400;59.39;active
ÇALI;21;896;400L;400;21.67;active
ÇALI;21;897;400L;400;19.74;active
ÇALI;21;898;400L;400;18.59;active
ÇALI;21;899;400L;400;34.11;active
ÇALI;21;900;400L;400;56.59;active
ÇALI;21;901;400L;400;39.63;active
ÇALI;21;902;400L;400;39.58;active
ÇALI;21;903;400L;400;53.89;active
ÇALI;21;904;400L;400;21.58;active
ÇALI;21;905;400L;400;74.77;active
ÇALI;21;906;400L;400;15.25;active
ÇALI;21;907;400L;400;62.73;active
ÇALI;21;908;400L;400;13.57;active
ÇALI;21;909;400L;400;51.46;active
ÇALI;21;910;400L;400;13.1;active
ÇALI;21;911;400L;400;28.07;active
ÇALI;21;912;400L;400;12.39;active
ÇALI;21;913;400L;400;65.29;active
ÇALI;21;914;400L;400;34.55;active
ÇALI;21;915;400L;400;15.58;active
ÇALI;21;916;400L;400;12.2;active
ÇALI;21;917;400L;400;48.33;active
ÇALI;21;918;400L;400;29.84;active
ÇALI;21;919;400L;400;57.64;active
ÇALI;21;920;400L;400;21.62;active
ÇALI;21;921;400L;400;38.79;active
ÇALI;21;922;400L;400;32.36;active
ÇALI;21;923;400L;400;73.67;active
ÇALI;21;924;400L;400;88.44;active
ÇALI;21;925;400L;400;57.59;active
ÇALI;21;926;400L;400;58.09;active
ÇALI;21;927;400L;400;66.18;active
ÇALI;21;928;400L;400;20.33;active
ÇALI;21;929;400L;400;48.49;active
ÇALI;21;930;400L;400;10.49;active
ÇALI;21;931;400L;400;18.2;active
ÇALI;21;932;400L;400;37.05;active
ÇALI;21;933;400L;400;75.44;active
ÇALI;21;934;400L;400;15.05;active
ÇALI;21;935;400L;400;28.16;active
ÇALI;21;936;400L;400;27.88;active
ÇALI;21;937;400L;400;23.62;active
ÇALI;21;938;400L;400;59.33;active
ÇALI;21;939;400L;400;27.57;active
ÇALI;21;940;400L;400;46.63;active
ÇALI;21;941;400L;400;70.96;active
ÇALI;21;942;400L;400;14.0;active
ÇALI;21;943;400L;400;72.03;active
ÇALI;21;944;400L;400;30.83;active
ÇALI;21;945;400L;400;62.85;active
ÇALI;21;946;PLASTİK;60;13.45;active
ÇALI;21;947;PLASTİK;60;16.35;active
ÇALI;21;948;PLASTİK;60;34.74;active
ÇALI;21;949;PLASTİK;60;18.6;active
ÇALI;21;950;PLASTİK;60;17.8;active
ÇALI;21;951;PLASTİK;60;29.75;active
ÇALI;21;952;PLASTİK;60;16.88;active
ÇALI;21;953;PLASTİK;60;33.3;active
ÇALI;21;954;PLASTİK;60;58.25;active
ÇALI;21;955;PLASTİK;60;69.14;active
ÇALI;21;956;PLASTİK;60;13.76;active
ÇALI;21;957;PLASTİK;60;33.43;active
ÇALI;21;958;PLASTİK;60;13.52;active
ÇALI;21;959;PLASTİK;60;14.45;active
ÇAMLICA;22;960;400L;400;39.22;active
ÇAMLICA;22;961;400L;400;48.0;active
ÇAMLICA;22;962;400L;400;30.54;active
ÇAMLICA;22;963;400L;400;16.11;active
ÇAMLICA;22;964;400L;400;20.31;active
ÇAMLICA;22;965;400L;400;15.78;active
ÇAMLICA;22;966;400L;400;77.28;active
ÇAMLICA;22;967;400L;400;30.51;active
ÇAMLICA;22;968;400L;400;55.65;active
ÇAMLICA;22;969;400L;400;19.34;active
ÇAMLICA;22;970;400L;400;12.23;active
ÇAMLICA;22;971;400L;400;22.4;active
ÇAMLICA;22;972;400L;400;27.86;active
ÇAMLICA;22;973;400L;400;17.79;active
ÇAMLICA;22;974;400L;400;70.31;active
ÇAMLICA;22;975;400L;400;17.05;active
ÇAMLICA;22;976;400L;400;25.07;active
ÇAMLICA;22;977;400L;400;10.86;active
ÇAMLICA;22;978;400L;400;26.22;active
ÇAMLICA;22;979;400L;400;24.76;active
ÇAMLICA;22;980;400L;400;28.59;active
ÇAMLICA;22;981;400L;400;25.11;active
ÇAMLICA;22;982;400L;400;19.71;active
ÇAMLICA;22;983;400L;400;32.34;active
ÇAMLICA;22;984;400L;400;44.53;active
ÇAMLICA;22;985;400L;400;47.61;active
ÇAMLICA;22;986;400L;400;16.64;active
ÇAMLICA;22;987;400L;400;45.94;active
ÇAMLICA;22;988;400L;400;58.7;active
ÇAMLICA;22;989;400L;400;17.2;active
ÇAMLICA;22;990;400L;400;32.52;active
ÇAMLICA;22;991;400L;400;48.21;active
ÇAMLICA;22;992;400L;400;14.22;active
ÇAMLICA;22;993;400L;400;13.61;active
ÇAMLICA;22;994;400L;400;30.12;active
ÇAMLICA;22;995;400L;400;64.75;active
ÇAMLICA;22;996;400L;400;42.08;active
ÇAMLICA;22;997;400L;400;10.81;active
ÇAMLICA;22;998;400L;400;31.75;active
ÇAMLICA;22;999;400L;400;12.15;active
ÇAMLICA;22;1000;400L;400;93.89;active
ÇAMLICA;22;1001;400L;400;16.27;active
ÇAMLICA;22;1002;400L;400;28.79;active
ÇAMLICA;22;1003;400L;400;27.27;active
ÇAMLICA;22;1004;400L;400;25.44;active
ÇAMLICA;22;1005;400L;400;37.17;active
ÇAMLICA;22;1006;400L;400;12.55;active
ÇAMLICA;22;1007;400L;400;22.06;active
ÇAMLICA;22;1008;400L;400;63.23;active
ÇAMLICA;22;1009;400L;400;32.9;active
ÇAMLICA;22;1010;400L;400;10.96;active
ÇAMLICA;22;1011;400L;400;26.82;active
ÇAMLICA;22;1012;400L;400;25.1;active
ÇAMLICA;22;1013;400L;400;21.46;active
ÇAMLICA;22;1014;400L;400;27.4;active
ÇAMLICA;22;1015;400L;400;40.8;active
ÇAMLICA;22;1016;400L;400;11.37;active
ÇAMLICA;22;1017;400L;400;13.95;active
ÇAMLICA;22;1018;400L;400;27.91;active
ÇAMLICA;22;1019;400L;400;11.93;active
ÇAMLICA;22;1020;400L;400;78.84;active
ÇAMLICA;22;1021;400L;400;82.55;active
ÇAMLICA;22;1022;400L;400;55.66;active
ÇAMLICA;22;1023;400L;400;50.4;active
ÇAMLICA;22;1024;400L;400;11.63;active
ÇAMLICA;22;1025;400L;400;59.84;active
ÇAMLICA;22;1026;400L;400;33.73;active
ÇAMLICA;22;1027;400L;400;55.26;active
ÇAMLICA;22;1028;400L;400;14.05;active
ÇAMLICA;22;1029;400L;400;46.66;active
ÇAMLICA;22;1030;400L;400;16.08;active
ÇAMLICA;22;1031;400L;400;38.66;active
ÇAMLICA;22;1032;400L;400;49.03;active
ÇAMLICA;22;1033;400L;400;13.49;active
ÇAMLICA;22;1034;400L;400;16.61;active
ÇAMLICA;22;1035;400L;400;59.24;active
ÇAMLICA;22;1036;400L;400;76.77;active
ÇAMLICA;22;1037;400L;400;48.83;active
ÇAMLICA;22;1038;400L;400;38.81;active
ÇATALAĞIL;23;1039;400L;400;33.54;active
ÇATALAĞIL;23;1040;400L;400;12.02;active
ÇATALAĞIL;23;1041;400L;400;58.91;active
ÇATALAĞIL;23;1042;400L;400;24.41;active
ÇAYLI;24;1043;400L;400;64.44;active
ÇAYLI;24;1044;400L;400;53.97;active
ÇAYLI;24;1045;400L;400;50.27;active
ÇAYLI;24;1046;400L;400;12.55;active
ÖZLÜCE;58;2287;400L;400;59.25;active
ÖZLÜCE;58;2288;400L;400;22.8;active
ÖZLÜCE;58;2289;400L;400;30.91;active
ÖZLÜCE;58;2290;400L;400;66.54;active
ÖZLÜCE;58;2291;400L;400;12.02;active
ÖZLÜCE;58;2292;400L;400;21.63;active
ÖZLÜCE;58;2293;400L;400;90.75;active
ÖZLÜCE;58;2294;400L;400;73.83;active
ÖZLÜCE;58;2295;400L;400;16.81;active
ÖZLÜCE;58;2296;400L;400;35.31;active
ÖZLÜCE;58;2297;400L;400;91.66;active
ÖZLÜCE;58;2298;400L;400;26.84;active
ÖZLÜCE;58;2299;400L;400;58.02;active
ÖZLÜCE;58;2300;400L;400;71.78;active
ÖZLÜCE;58;2301;400L;400;31.86;active
ÖZLÜCE;58;2302;400L;400;76.85;active
ÖZLÜCE;58;2303;400L;400;15.6;active
ÖZLÜCE;58;2304;400L;400;59.42;active
ÖZLÜCE;58;2305;400L;400;40.84;active
ÖZLÜCE;58;2306;400L;400;14.64;active
ÖZLÜCE;58;2307;400L;400;40.76;active
ÖZLÜCE;58;2308;400L;400;72.31;active
ÖZLÜCE;58;2309;400L;400;16.08;active
ÖZLÜCE;58;2310;PLASTİK;60;47.31;active
ÖZLÜCE;58;2311;PLASTİK;60;33.35;active
ÖZLÜCE;58;2312;PLASTİK;60;17.22;active
ÜRÜNLÜ;63;2395;400L;400;62.54;active
ÜRÜNLÜ;63;2396;400L;400;16.55;active
ÜRÜNLÜ;63;2397;400L;400;24.63;active
ÜRÜNLÜ;63;2398;400L;400;22.29;active
ÜRÜNLÜ;63;2399;400L;400;19.35;active
ÜRÜNLÜ;63;2400;400L;400;28.7;active
ÜRÜNLÜ;63;2401;400L;400;54.15;active
ÜRÜNLÜ;63;2402;400L;400;33.63;active
ÜRÜNLÜ;63;2403;400L;400;65.75;active
ÜRÜNLÜ;63;2404;400L;400;24.51;active
ÜRÜNLÜ;63;2405;400L;400;42.9;active
ÜRÜNLÜ;63;2406;400L;400;25.92;active
ÜRÜNLÜ;63;2407;400L;400;17.54;active
ÜRÜNLÜ;63;2408;400L;400;69.2;active
ÜRÜNLÜ;63;2409;400L;400;83.51;active
ÜRÜNLÜ;63;2410;400L;400;20.89;active
ÜRÜNLÜ;63;2411;400L;400;30.58;active
ÜRÜNLÜ;63;2412;400L;400;17.38;active
ÜRÜNLÜ;63;2413;400L;400;25.08;active
ÜRÜNLÜ;63;2414;400L;400;39.22;active
ÜRÜNLÜ;63;2415;400L;400;39.22;active
ÜRÜNLÜ;63;2416;400L;400;51.83;active
ÜRÜNLÜ;63;2417;400L;400;41.8;active
ÜRÜNLÜ;63;2418;400L;400;13.28;active
ÜRÜNLÜ;63;2419;400L;400;55.83;active
ÜRÜNLÜ;63;2420;400L;400;16.7;active
ÜRÜNLÜ;63;2421;400L;400;25.14;active
ÜRÜNLÜ;63;2422;400L;400;13.34;active
ÜRÜNLÜ;63;2423;PLASTİK;60;33.61;active
ÜRÜNLÜ;63;2424;PLASTİK;60;17.68;active
ÜRÜNLÜ;63;2425;PLASTİK;60;34.93;active
ÜRÜNLÜ;63;2426;PLASTİK;60;39.64;active
ÜRÜNLÜ;63;2427;PLASTİK;60;19.75;active
ÜRÜNLÜ;63;2428;PLASTİK;60;42.07;active
ÜÇEVLER;61;2328;770L;770;20.66;active
ÜÇEVLER;61;2329;400L;400;44.14;active
ÜÇEVLER;61;2330;400L;400;64.63;active
ÜÇEVLER;61;2331;400L;400;24.37;active
ÜÇEVLER;61;2332;400L;400;46.35;active
ÜÇEVLER;61;2333;400L;400;24.56;active
ÜÇEVLER;61;2334;400L;400;33.98;active
ÜÇEVLER;61;2335;400L;400;11.95;active
ÜÇEVLER;61;2336;400L;400;29.16;active
ÜÇEVLER;61;2337;400L;400;69.14;active
ÜÇEVLER;61;2338;400L;400;76.74;active
ÜÇEVLER;61;2339;400L;400;93.06;active
ÜÇEVLER;61;2340;400L;400;17.48;active
ÜÇEVLER;61;2341;400L;400;23.55;active
ÜÇEVLER;61;2342;400L;400;34.71;active
ÜÇEVLER;61;2343;400L;400;29.51;active
ÜÇEVLER;61;2344;400L;400;25.65;active
ÜÇEVLER;61;2345;400L;400;17.23;active
ÜÇEVLER;61;2346;400L;400;14.92;active
ÜÇEVLER;61;2347;400L;400;62.57;active
ÜÇEVLER;61;2348;400L;400;49.53;active
ÜÇEVLER;61;2349;400L;400;41.81;active
ÜÇEVLER;61;2350;400L;400;15.86;active
ÜÇEVLER;61;2351;400L;400;29.42;active
ÜÇEVLER;61;2352;400L;400;55.53;active
ÜÇEVLER;61;2353;400L;400;18.62;active
ÜÇEVLER;61;2354;400L;400;25.04;active
ÜÇEVLER;61;2355;400L;400;33.59;active
ÜÇEVLER;61;2356;400L;400;21.88;active
ÜÇEVLER;61;2357;400L;400;71.39;active
ÜÇEVLER;61;2358;400L;400;49.27;active
ÜÇEVLER;61;2359;400L;400;31.84;active
ÜÇEVLER;61;2360;400L;400;61.53;active
ÜÇEVLER;61;2361;400L;400;24.13;active
ÜÇEVLER;61;2362;400L;400;42.36;active
ÜÇEVLER;61;2363;400L;400;23.67;active
ÜÇEVLER;61;2364;400L;400;28.53;active
ÜÇEVLER;61;2365;400L;400;59.88;active
ÜÇEVLER;61;2366;400L;400;58.91;active
ÜÇEVLER;61;2367;400L;400;30.88;active
ÜÇEVLER;61;2368;400L;400;29.85;active
ÜÇEVLER;61;2369;400L;400;25.07;active
ÜÇEVLER;61;2370;400L;400;10.47;active
ÜÇEVLER;61;2371;400L;400;51.75;active
ÜÇEVLER;61;2372;400L;400;39.38;active
ÜÇEVLER;61;2373;400L;400;16.54;active
ÜÇEVLER;61;2374;400L;400;16.96;active
ÜÇEVLER;61;2375;400L;400;27.75;active
ÜÇEVLER;61;2376;400L;400;57.65;active
ÜÇEVLER;61;2377;400L;400;27.23;active
ÜÇEVLER;61;2378;400L;400;29.79;active
ÜÇEVLER;61;2379;400L;400;28.44;active
ÜÇEVLER;61;2380;400L;400;26.01;active
ÜÇEVLER;61;2381;400L;400;30.1;active
ÜÇEVLER;61;2382;400L;400;68.22;active
ÜÇEVLER;61;2383;400L;400;38.18;active
ÜÇEVLER;61;2384;400L;400;33.07;active
ÜÇEVLER;61;2385;400L;400;47.81;active
ÜÇEVLER;61;2386;400L;400;27.1;active
ÜÇEVLER;61;2387;400L;400;34.71;active
ÜÇEVLER;61;2388;400L;400;14.8;active
ÜÇEVLER;61;2389;400L;400;93.45;active
ÜÇEVLER;61;2390;400L;400;12.95;active
ÜÇEVLER;61;2391;400L;400;30.71;active
ÜÇEVLER;61;2392;400L;400;16.73;active
ÜÇPINAR;62;2393;400L;400;45.73;active
ÜÇPINAR;62;2394;400L;400;51.87;active
İHSANİYE;41;1602;400L;400;10.35;active
İHSANİYE;41;1603;400L;400;24.03;active
İHSANİYE;41;1604;400L;400;42.06;active
İHSANİYE;41;1605;400L;400;23.87;active
İHSANİYE;41;1606;400L;400;18.5;active
İHSANİYE;41;1607;400L;400;24.8;active
İHSANİYE;41;1608;400L;400;29.73;active
İHSANİYE;41;1609;400L;400;78.26;active
İHSANİYE;41;1610;400L;400;34.55;active
İHSANİYE;41;1611;400L;400;11.5;active
İHSANİYE;41;1612;400L;400;62.03;active
İHSANİYE;41;1613;400L;400;91.95;active
İHSANİYE;41;1614;400L;400;20.72;active
İHSANİYE;41;1615;400L;400;25.62;active
İHSANİYE;41;1616;400L;400;58.19;active
İHSANİYE;41;1617;400L;400;14.37;active
İHSANİYE;41;1618;400L;400;63.8;active
İHSANİYE;41;1619;400L;400;20.41;active
İHSANİYE;41;1620;400L;400;12.53;active
İHSANİYE;41;1621;400L;400;64.73;active
İHSANİYE;41;1622;400L;400;51.4;active
İHSANİYE;41;1623;400L;400;36.89;active
İHSANİYE;41;1624;400L;400;61.2;active
İHSANİYE;41;1625;400L;400;74.63;active
İHSANİYE;41;1626;400L;400;88.78;active
İHSANİYE;41;1627;400L;400;15.77;active
İHSANİYE;41;1628;400L;400;45.72;active
İHSANİYE;41;1629;400L;400;10.79;active
İHSANİYE;41;1630;400L;400;94.79;active
İHSANİYE;41;1631;400L;400;42.84;active
İHSANİYE;41;1632;400L;400;14.9;active
İHSANİYE;41;1633;400L;400;92.8;active
İHSANİYE;41;1634;400L;400;70.83;active
İHSANİYE;41;1635;400L;400;19.75;active
İHSANİYE;41;1636;400L;400;61.92;active
İHSANİYE;41;1637;400L;400;84.37;active
İHSANİYE;41;1638;400L;400;60.32;active
İHSANİYE;41;1639;400L;400;47.79;active
İHSANİYE;41;1640;400L;400;55.55;active
İHSANİYE;41;1641;400L;400;30.02;active
İHSANİYE;41;1642;400L;400;67.11;active
İHSANİYE;41;1643;400L;400;25.01;active
İHSANİYE;41;1644;400L;400;22.43;active
İHSANİYE;41;1645;400L;400;41.78;active
İHSANİYE;41;1646;400L;400;23.62;active
İHSANİYE;41;1647;400L;400;33.74;active
İHSANİYE;41;1648;400L;400;29.25;active
İHSANİYE;41;1649;400L;400;91.0;active
İHSANİYE;41;1650;400L;400;24.07;active
İHSANİYE;41;1651;400L;400;58.46;active
İHSANİYE;41;1652;400L;400;20.36;active
İHSANİYE;41;1653;400L;400;64.08;active
İHSANİYE;41;1654;400L;400;51.13;active
İHSANİYE;41;1655;400L;400;33.05;active
İHSANİYE;41;1656;400L;400;30.39;active
İHSANİYE;41;1657;400L;400;33.09;active
İHSANİYE;41;1658;400L;400;30.52;active
İHSANİYE;41;1659;400L;400;16.22;active
İHSANİYE;41;1660;400L;400;25.6;active
İHSANİYE;41;1661;400L;400;27.39;active
İHSANİYE;41;1662;400L;400;10.38;active
İHSANİYE;41;1663;400L;400;56.12;active
İHSANİYE;41;1664;400L;400;28.22;active
İHSANİYE;41;1665;400L;400;56.31;active
İHSANİYE;41;1666;400L;400;18.68;active
İHSANİYE;41;1667;400L;400;52.77;active
İHSANİYE;41;1668;400L;400;27.79;active
İHSANİYE;41;1669;400L;400;19.99;active
İHSANİYE;41;1670;400L;400;32.95;active
İHSANİYE;41;1671;400L;400;13.53;active
İHSANİYE;41;1672;400L;400;21.88;active
İHSANİYE;41;1673;400L;400;10.3;active
İHSANİYE;41;1674;400L;400;64.14;active
İHSANİYE;41;1675;400L;400;20.1;active
İHSANİYE;41;1676;400L;400;15.18;active
İHSANİYE;41;1677;400L;400;27.27;active
İHSANİYE;41;1678;400L;400;59.92;active
İHSANİYE;41;1679;400L;400;18.47;active
İHSANİYE;41;1680;400L;400;43.31;active
İHSANİYE;41;1681;400L;400;22.45;active
İHSANİYE;41;1682;400L;400;57.15;active
İHSANİYE;41;1683;400L;400;24.15;active
İHSANİYE;41;1684;400L;400;69.0;active
İHSANİYE;41;1685;400L;400;10.72;active
İHSANİYE;41;1686;400L;400;58.36;active
İHSANİYE;41;1687;400L;400;31.76;active
İHSANİYE;41;1688;400L;400;64.17;active
İHSANİYE;41;1689;400L;400;23.98;active
İHSANİYE;41;1690;400L;400;24.4;active
İHSANİYE;41;1691;400L;400;50.93;active
İHSANİYE;41;1692;400L;400;19.36;active
İHSANİYE;41;1693;PLASTİK;60;29.0;active
İHSANİYE;41;1694;PLASTİK;60;23.21;active
İHSANİYE;41;1695;PLASTİK;60;29.37;active
İHSANİYE;41;1696;PLASTİK;60;34.87;active
İHSANİYE;41;1697;PLASTİK;60;12.6;active
İHSANİYE;41;1698;PLASTİK;60;38.38;active
İHSANİYE;41;1699;PLASTİK;60;41.72;active
İHSANİYE;41;1700;PLASTİK;60;69.86;active
İHSANİYE;41;1701;PLASTİK;60;36.9;active
İHSANİYE;41;1702;PLASTİK;60;22.61;active
İHSANİYE;41;1703;PLASTİK;60;13.5;active
İHSANİYE;41;1704;PLASTİK;60;34.51;active
İHSANİYE;41;1705;PLASTİK;60;16.15;active
İHSANİYE;41;1706;PLASTİK;60;28.45;active
İHSANİYE;41;1707;PLASTİK;60;41.48;active
İHSANİYE;41;1708;PLASTİK;60;60.81;active
İHSANİYE;41;1709;PLASTİK;60;57.56;active
İHSANİYE;41;1710;PLASTİK;60;83.19;active
İHSANİYE;41;1711;PLASTİK;60;49.65;active
İHSANİYE;41;1712;PLASTİK;60;32.08;active
İHSANİYE;41;1713;PLASTİK;60;56.85;active
İHSANİYE;41;1714;PLASTİK;60;11.45;active
İHSANİYE;41;1715;PLASTİK;60;66.17;active
İHSANİYE;41;1716;PLASTİK;60;21.98;active
İHSANİYE;41;1717;PLASTİK;60;24.31;active
İHSANİYE;41;1718;PLASTİK;60;60.33;active
İHSANİYE;41;1719;PLASTİK;60;81.68;active
İHSANİYE;41;1720;PLASTİK;60;57.24;active
İHSANİYE;41;1721;PLASTİK;60;14.76;active
İHSANİYE;41;1722;PLASTİK;60;50.15;active
İHSANİYE;41;1723;PLASTİK;60;15.34;active
İHSANİYE;41;1724;PLASTİK;60;21.28;active
İHSANİYE;41;1725;PLASTİK;60;26.71;active
İHSANİYE;41;1726;PLASTİK;60;34.2;active
İHSANİYE;41;1727;PLASTİK;60;21.47;active
İHSANİYE;41;1728;PLASTİK;60;13.88;active
İHSANİYE;41;1729;PLASTİK;60;24.11;active
İNEGAZİ;42;1730;400L;400;43.85;active
İNEGAZİ;42;1731;400L;400;30.8;active
İRFANİYE;43;1732;400L;400;22.8;active
İRFANİYE;43;1733;400L;400;21.58;active
İRFANİYE;43;1734;400L;400;28.02;active
İRFANİYE;43;1735;400L;400;55.85;active
İRFANİYE;43;1736;400L;400;37.75;active
İRFANİYE;43;1737;400L;400;23.1;active
İRFANİYE;43;1738;400L;400;24.74;active
İRFANİYE;43;1739;400L;400;80.59;active
İRFANİYE;43;1740;400L;400;12.48;active
İRFANİYE;43;1741;400L;400;20.62;active
İRFANİYE;43;1742;400L;400;63.52;active
İRFANİYE;43;1743;400L;400;62.61;active
İRFANİYE;43;1744;400L;400;13.29;active
İRFANİYE;43;1745;400L;400;32.84;active
İRFANİYE;43;1746;400L;400;28.15;active
İRFANİYE;43;1747;400L;400;61.32;active
